product_id,category,date,actual,forecast,error
PROD-0031,Electronics,2024-12-01,49.61,61.54,-11.93
PROD-0031,Electronics,2024-12-02,94.25,63.17,31.08
PROD-0031,Electronics,2024-12-03,64.26,64.8,-0.54
PROD-0031,Electronics,2024-12-04,44.66,66.43,-21.77
PROD-0031,Electronics,2024-12-05,54.28,68.06,-13.78
PROD-0031,Electronics,2024-12-06,39.33,69.69,-30.36
PROD-0031,Electronics,2024-12-07,38.74,71.32,-32.58
PROD-0031,Electronics,2024-12-08,26.64,72.95,-46.31
PROD-0031,Electronics,2024-12-09,31.25,74.58,-43.33
PROD-0031,Electronics,2024-12-10,84.04,76.21,7.83
PROD-0031,Electronics,2024-12-11,26.38,77.84,-51.46
PROD-0031,Electronics,2024-12-12,31.42,79.47,-48.05
PROD-0031,Electronics,2024-12-13,37.56,81.11,-43.55
PROD-0031,Electronics,2024-12-14,37.28,82.74,-45.46
PROD-0031,Electronics,2024-12-15,42.67,84.37,-41.7
PROD-0031,Electronics,2024-12-16,30.99,86.0,-55.01
PROD-0031,Electronics,2024-12-17,41.73,87.63,-45.9
PROD-0031,Electronics,2024-12-18,52.03,89.26,-37.23
PROD-0031,Electronics,2024-12-19,53.02,90.89,-37.87
PROD-0031,Electronics,2024-12-20,30.21,92.52,-62.31
PROD-0031,Electronics,2024-12-21,40.01,94.15,-54.14
PROD-0031,Electronics,2024-12-22,21.04,95.78,-74.74
PROD-0031,Electronics,2024-12-23,23.71,97.41,-73.7
PROD-0031,Electronics,2024-12-24,19.65,99.04,-79.39
PROD-0031,Electronics,2024-12-25,28.28,100.67,-72.39
PROD-0031,Electronics,2024-12-26,20.6,102.31,-81.71
PROD-0031,Electronics,2024-12-27,15.82,103.94,-88.12
PROD-0031,Electronics,2024-12-28,22.75,105.57,-82.82
PROD-0031,Electronics,2024-12-29,13.74,107.2,-93.46
PROD-0031,Electronics,2024-12-30,38.64,108.83,-70.19
PROD-0056,Electronics,2024-12-01,63.8,50.0,13.8
PROD-0056,Electronics,2024-12-02,54.66,50.62,4.04
PROD-0056,Electronics,2024-12-03,34.58,51.24,-16.66
PROD-0056,Electronics,2024-12-04,55.62,51.87,3.75
PROD-0056,Electronics,2024-12-05,60.97,52.49,8.48
PROD-0056,Electronics,2024-12-06,70.35,53.11,17.24
PROD-0056,Electronics,2024-12-07,35.41,53.73,-18.32
PROD-0056,Electronics,2024-12-08,37.03,54.36,-17.33
PROD-0056,Electronics,2024-12-09,56.43,54.98,1.45
PROD-0056,Electronics,2024-12-10,54.84,55.6,-0.76
PROD-0056,Electronics,2024-12-11,33.63,56.23,-22.6
PROD-0056,Electronics,2024-12-12,31.23,56.85,-25.62
PROD-0056,Electronics,2024-12-13,33.35,57.47,-24.12
PROD-0056,Electronics,2024-12-14,39.14,58.09,-18.95
PROD-0056,Electronics,2024-12-15,27.34,58.72,-31.38
PROD-0056,Electronics,2024-12-16,42.3,59.34,-17.04
PROD-0056,Electronics,2024-12-17,19.51,59.96,-40.45
PROD-0056,Electronics,2024-12-18,26.07,60.59,-34.52
PROD-0056,Electronics,2024-12-19,36.3,61.21,-24.91
PROD-0056,Electronics,2024-12-20,24.05,61.83,-37.78
PROD-0056,Electronics,2024-12-21,27.9,62.45,-34.55
PROD-0056,Electronics,2024-12-22,30.05,63.08,-33.03
PROD-0056,Electronics,2024-12-23,64.14,63.7,0.44
PROD-0056,Electronics,2024-12-24,18.76,64.32,-45.56
PROD-0056,Electronics,2024-12-25,31.2,64.94,-33.74
PROD-0056,Electronics,2024-12-26,19.44,65.57,-46.13
PROD-0056,Electronics,2024-12-27,18.57,66.19,-47.62
PROD-0056,Electronics,2024-12-28,19.17,66.81,-47.64
PROD-0056,Electronics,2024-12-29,23.82,67.44,-43.62
PROD-0056,Electronics,2024-12-30,40.11,68.06,-27.95
PROD-0067,Clothing,2024-12-01,74.55,75.41,-0.86
PROD-0067,Clothing,2024-12-02,106.57,75.04,31.53
PROD-0067,Clothing,2024-12-03,54.32,74.67,-20.35
PROD-0067,Clothing,2024-12-04,193.18,74.3,118.88
PROD-0067,Clothing,2024-12-05,52.2,73.93,-21.73
PROD-0067,Clothing,2024-12-06,73.82,73.56,0.26
PROD-0067,Clothing,2024-12-07,136.0,73.19,62.81
PROD-0067,Clothing,2024-12-08,138.92,72.82,66.1
PROD-0067,Clothing,2024-12-09,83.81,72.45,11.36
PROD-0067,Clothing,2024-12-10,74.76,72.08,2.68
PROD-0067,Clothing,2024-12-11,66.58,71.71,-5.13
PROD-0067,Clothing,2024-12-12,124.59,71.33,53.26
PROD-0067,Clothing,2024-12-13,100.22,70.96,29.26
PROD-0067,Clothing,2024-12-14,105.03,70.59,34.44
PROD-0067,Clothing,2024-12-15,135.16,70.22,64.94
PROD-0067,Clothing,2024-12-16,73.47,69.85,3.62
PROD-0067,Clothing,2024-12-17,46.62,69.48,-22.86
PROD-0067,Clothing,2024-12-18,66.53,69.11,-2.58
PROD-0067,Clothing,2024-12-19,56.01,68.74,-12.73
PROD-0067,Clothing,2024-12-20,48.29,68.37,-20.08
PROD-0067,Clothing,2024-12-21,42.22,68.0,-25.78
PROD-0067,Clothing,2024-12-22,66.11,67.63,-1.52
PROD-0067,Clothing,2024-12-23,67.18,67.26,-0.08
PROD-0067,Clothing,2024-12-24,33.48,66.89,-33.41
PROD-0067,Clothing,2024-12-25,53.84,66.52,-12.68
PROD-0067,Clothing,2024-12-26,100.27,66.15,34.12
PROD-0067,Clothing,2024-12-27,29.67,65.78,-36.11
PROD-0067,Clothing,2024-12-28,82.63,65.41,17.22
PROD-0067,Clothing,2024-12-29,26.0,65.04,-39.04
PROD-0067,Clothing,2024-12-30,46.55,64.66,-18.11
PROD-0037,Clothing,2024-12-01,50.86,81.62,-30.76
PROD-0037,Clothing,2024-12-02,86.24,80.9,5.34
PROD-0037,Clothing,2024-12-03,83.24,80.18,3.06
PROD-0037,Clothing,2024-12-04,48.99,79.46,-30.47
PROD-0037,Clothing,2024-12-05,116.43,78.74,37.69
PROD-0037,Clothing,2024-12-06,161.81,78.02,83.79
PROD-0037,Clothing,2024-12-07,69.83,77.29,-7.46
PROD-0037,Clothing,2024-12-08,78.24,76.57,1.67
PROD-0037,Clothing,2024-12-09,38.18,75.85,-37.67
PROD-0037,Clothing,2024-12-10,94.49,75.13,19.36
PROD-0037,Clothing,2024-12-11,81.12,74.41,6.71
PROD-0037,Clothing,2024-12-12,53.72,73.69,-19.97
PROD-0037,Clothing,2024-12-13,42.82,72.97,-30.15
PROD-0037,Clothing,2024-12-14,153.43,72.25,81.18
PROD-0037,Clothing,2024-12-15,72.28,71.52,0.76
PROD-0037,Clothing,2024-12-16,36.93,70.8,-33.87
PROD-0037,Clothing,2024-12-17,87.64,70.08,17.56
PROD-0037,Clothing,2024-12-18,62.6,69.36,-6.76
PROD-0037,Clothing,2024-12-19,56.08,68.64,-12.56
PROD-0037,Clothing,2024-12-20,86.58,67.92,18.66
PROD-0037,Clothing,2024-12-21,14.0,67.2,-53.2
PROD-0037,Clothing,2024-12-22,20.37,66.47,-46.1
PROD-0037,Clothing,2024-12-23,97.34,65.75,31.59
PROD-0037,Clothing,2024-12-24,44.45,65.03,-20.58
PROD-0037,Clothing,2024-12-25,37.14,64.31,-27.17
PROD-0037,Clothing,2024-12-26,22.81,63.59,-40.78
PROD-0037,Clothing,2024-12-27,47.49,62.87,-15.38
PROD-0037,Clothing,2024-12-28,48.84,62.15,-13.31
PROD-0037,Clothing,2024-12-29,82.74,61.43,21.31
PROD-0037,Clothing,2024-12-30,46.81,60.7,-13.89
PROD-0098,Food,2024-12-01,165.51,176.41,-10.9
PROD-0098,Food,2024-12-02,119.9,178.41,-58.51
PROD-0098,Food,2024-12-03,100.39,180.41,-80.02
PROD-0098,Food,2024-12-04,145.65,182.42,-36.77
PROD-0098,Food,2024-12-05,150.2,184.42,-34.22
PROD-0098,Food,2024-12-06,106.06,186.43,-80.37
PROD-0098,Food,2024-12-07,94.65,188.43,-93.78
PROD-0098,Food,2024-12-08,150.83,190.44,-39.61
PROD-0098,Food,2024-12-09,153.83,192.44,-38.61
PROD-0098,Food,2024-12-10,112.54,194.45,-81.91
PROD-0098,Food,2024-12-11,96.52,196.45,-99.93
PROD-0098,Food,2024-12-12,162.41,198.46,-36.05
PROD-0098,Food,2024-12-13,150.81,200.46,-49.65
PROD-0098,Food,2024-12-14,126.18,202.47,-76.29
PROD-0098,Food,2024-12-15,200.63,204.47,-3.84
PROD-0098,Food,2024-12-16,127.25,206.48,-79.23
PROD-0098,Food,2024-12-17,113.64,208.48,-94.84
PROD-0098,Food,2024-12-18,96.28,210.49,-114.21
PROD-0098,Food,2024-12-19,102.46,212.49,-110.03
PROD-0098,Food,2024-12-20,80.13,214.5,-134.37
PROD-0098,Food,2024-12-21,89.53,216.5,-126.97
PROD-0098,Food,2024-12-22,142.8,218.51,-75.71
PROD-0098,Food,2024-12-23,101.83,220.51,-118.68
PROD-0098,Food,2024-12-24,107.55,222.52,-114.97
PROD-0098,Food,2024-12-25,64.24,224.52,-160.28
PROD-0098,Food,2024-12-26,129.23,226.53,-97.3
PROD-0098,Food,2024-12-27,100.41,228.53,-128.12
PROD-0098,Food,2024-12-28,78.59,230.54,-151.95
PROD-0098,Food,2024-12-29,113.15,232.54,-119.39
PROD-0098,Food,2024-12-30,54.94,234.55,-179.61
PROD-0008,Food,2024-12-01,131.57,171.25,-39.68
PROD-0008,Food,2024-12-02,139.36,172.85,-33.49
PROD-0008,Food,2024-12-03,150.53,174.45,-23.92
PROD-0008,Food,2024-12-04,96.63,176.05,-79.42
PROD-0008,Food,2024-12-05,101.84,177.65,-75.81
PROD-0008,Food,2024-12-06,121.41,179.25,-57.84
PROD-0008,Food,2024-12-07,142.05,180.85,-38.8
PROD-0008,Food,2024-12-08,128.26,182.45,-54.19
PROD-0008,Food,2024-12-09,178.33,184.05,-5.72
PROD-0008,Food,2024-12-10,97.18,185.65,-88.47
PROD-0008,Food,2024-12-11,110.7,187.25,-76.55
PROD-0008,Food,2024-12-12,171.4,188.85,-17.45
PROD-0008,Food,2024-12-13,127.49,190.46,-62.97
PROD-0008,Food,2024-12-14,145.42,192.06,-46.64
PROD-0008,Food,2024-12-15,179.94,193.66,-13.72
PROD-0008,Food,2024-12-16,101.72,195.26,-93.54
PROD-0008,Food,2024-12-17,112.03,196.86,-84.83
PROD-0008,Food,2024-12-18,105.7,198.46,-92.76
PROD-0008,Food,2024-12-19,73.67,200.06,-126.39
PROD-0008,Food,2024-12-20,99.77,201.66,-101.89
PROD-0008,Food,2024-12-21,123.28,203.26,-79.98
PROD-0008,Food,2024-12-22,112.02,204.86,-92.84
PROD-0008,Food,2024-12-23,110.56,206.46,-95.9
PROD-0008,Food,2024-12-24,87.96,208.06,-120.1
PROD-0008,Food,2024-12-25,80.64,209.66,-129.02
PROD-0008,Food,2024-12-26,114.81,211.26,-96.45
PROD-0008,Food,2024-12-27,78.04,212.86,-134.82
PROD-0008,Food,2024-12-28,88.39,214.46,-126.07
PROD-0008,Food,2024-12-29,83.19,216.06,-132.87
PROD-0008,Food,2024-12-30,104.1,217.66,-113.56
PROD-0059,Industrial,2024-12-01,26.81,27.4,-0.59
PROD-0059,Industrial,2024-12-02,32.68,27.59,5.09
PROD-0059,Industrial,2024-12-03,29.0,27.79,1.21
PROD-0059,Industrial,2024-12-04,30.1,27.98,2.12
PROD-0059,Industrial,2024-12-05,30.45,28.18,2.27
PROD-0059,Industrial,2024-12-06,21.62,28.37,-6.75
PROD-0059,Industrial,2024-12-07,27.91,28.57,-0.66
PROD-0059,Industrial,2024-12-08,27.78,28.76,-0.98
PROD-0059,Industrial,2024-12-09,23.64,28.95,-5.31
PROD-0059,Industrial,2024-12-10,23.26,29.15,-5.89
PROD-0059,Industrial,2024-12-11,22.99,29.34,-6.35
PROD-0059,Industrial,2024-12-12,20.78,29.54,-8.76
PROD-0059,Industrial,2024-12-13,18.93,29.73,-10.8
PROD-0059,Industrial,2024-12-14,31.52,29.93,1.59
PROD-0059,Industrial,2024-12-15,26.32,30.12,-3.8
PROD-0059,Industrial,2024-12-16,22.0,30.32,-8.32
PROD-0059,Industrial,2024-12-17,17.19,30.51,-13.32
PROD-0059,Industrial,2024-12-18,22.71,30.7,-7.99
PROD-0059,Industrial,2024-12-19,19.34,30.9,-11.56
PROD-0059,Industrial,2024-12-20,19.44,31.09,-11.65
PROD-0059,Industrial,2024-12-21,27.15,31.29,-4.14
PROD-0059,Industrial,2024-12-22,25.06,31.48,-6.42
PROD-0059,Industrial,2024-12-23,12.85,31.68,-18.83
PROD-0059,Industrial,2024-12-24,18.78,31.87,-13.09
PROD-0059,Industrial,2024-12-25,17.67,32.06,-14.39
PROD-0059,Industrial,2024-12-26,17.61,32.26,-14.65
PROD-0059,Industrial,2024-12-27,14.87,32.45,-17.58
PROD-0059,Industrial,2024-12-28,15.63,32.65,-17.02
PROD-0059,Industrial,2024-12-29,12.81,32.84,-20.03
PROD-0059,Industrial,2024-12-30,17.02,33.04,-16.02
PROD-0039,Industrial,2024-12-01,26.56,26.27,0.29
PROD-0039,Industrial,2024-12-02,27.95,26.41,1.54
PROD-0039,Industrial,2024-12-03,25.83,26.56,-0.73
PROD-0039,Industrial,2024-12-04,24.73,26.7,-1.97
PROD-0039,Industrial,2024-12-05,29.37,26.85,2.52
PROD-0039,Industrial,2024-12-06,28.3,27.0,1.3
PROD-0039,Industrial,2024-12-07,25.43,27.14,-1.71
PROD-0039,Industrial,2024-12-08,30.18,27.29,2.89
PROD-0039,Industrial,2024-12-09,25.19,27.43,-2.24
PROD-0039,Industrial,2024-12-10,23.92,27.58,-3.66
PROD-0039,Industrial,2024-12-11,23.87,27.72,-3.85
PROD-0039,Industrial,2024-12-12,24.31,27.87,-3.56
PROD-0039,Industrial,2024-12-13,20.29,28.01,-7.72
PROD-0039,Industrial,2024-12-14,17.25,28.16,-10.91
PROD-0039,Industrial,2024-12-15,23.35,28.3,-4.95
PROD-0039,Industrial,2024-12-16,24.83,28.45,-3.62
PROD-0039,Industrial,2024-12-17,18.44,28.59,-10.15
PROD-0039,Industrial,2024-12-18,24.58,28.74,-4.16
PROD-0039,Industrial,2024-12-19,15.95,28.88,-12.93
PROD-0039,Industrial,2024-12-20,18.3,29.03,-10.73
PROD-0039,Industrial,2024-12-21,25.03,29.17,-4.14
PROD-0039,Industrial,2024-12-22,19.88,29.32,-9.44
PROD-0039,Industrial,2024-12-23,17.5,29.46,-11.96
PROD-0039,Industrial,2024-12-24,18.46,29.61,-11.15
PROD-0039,Industrial,2024-12-25,20.63,29.75,-9.12
PROD-0039,Industrial,2024-12-26,13.45,29.9,-16.45
PROD-0039,Industrial,2024-12-27,19.69,30.04,-10.35
PROD-0039,Industrial,2024-12-28,14.52,30.19,-15.67
PROD-0039,Industrial,2024-12-29,16.79,30.33,-13.54
PROD-0039,Industrial,2024-12-30,13.29,30.48,-17.19
PROD-0075,Pharmaceuticals,2024-12-01,33.72,40.47,-6.75
PROD-0075,Pharmaceuticals,2024-12-02,34.81,40.8,-5.99
PROD-0075,Pharmaceuticals,2024-12-03,34.81,41.13,-6.32
PROD-0075,Pharmaceuticals,2024-12-04,33.78,41.46,-7.68
PROD-0075,Pharmaceuticals,2024-12-05,36.27,41.79,-5.52
PROD-0075,Pharmaceuticals,2024-12-06,34.66,42.12,-7.46
PROD-0075,Pharmaceuticals,2024-12-07,27.79,42.45,-14.66
PROD-0075,Pharmaceuticals,2024-12-08,34.01,42.78,-8.77
PROD-0075,Pharmaceuticals,2024-12-09,34.44,43.11,-8.67
PROD-0075,Pharmaceuticals,2024-12-10,32.55,43.44,-10.89
PROD-0075,Pharmaceuticals,2024-12-11,37.92,43.77,-5.85
PROD-0075,Pharmaceuticals,2024-12-12,32.74,44.1,-11.36
PROD-0075,Pharmaceuticals,2024-12-13,31.12,44.43,-13.31
PROD-0075,Pharmaceuticals,2024-12-14,33.36,44.76,-11.4
PROD-0075,Pharmaceuticals,2024-12-15,37.44,45.09,-7.65
PROD-0075,Pharmaceuticals,2024-12-16,28.8,45.42,-16.62
PROD-0075,Pharmaceuticals,2024-12-17,31.74,45.75,-14.01
PROD-0075,Pharmaceuticals,2024-12-18,33.54,46.08,-12.54
PROD-0075,Pharmaceuticals,2024-12-19,26.61,46.41,-19.8
PROD-0075,Pharmaceuticals,2024-12-20,23.6,46.74,-23.14
PROD-0075,Pharmaceuticals,2024-12-21,27.0,47.07,-20.07
PROD-0075,Pharmaceuticals,2024-12-22,28.76,47.4,-18.64
PROD-0075,Pharmaceuticals,2024-12-23,23.74,47.73,-23.99
PROD-0075,Pharmaceuticals,2024-12-24,26.45,48.05,-21.6
PROD-0075,Pharmaceuticals,2024-12-25,21.09,48.38,-27.29
PROD-0075,Pharmaceuticals,2024-12-26,21.72,48.71,-26.99
PROD-0075,Pharmaceuticals,2024-12-27,21.35,49.04,-27.69
PROD-0075,Pharmaceuticals,2024-12-28,20.55,49.37,-28.82
PROD-0075,Pharmaceuticals,2024-12-29,18.47,49.7,-31.23
PROD-0075,Pharmaceuticals,2024-12-30,18.79,50.03,-31.24
PROD-0055,Pharmaceuticals,2024-12-01,34.08,38.15,-4.07
PROD-0055,Pharmaceuticals,2024-12-02,30.66,38.31,-7.65
PROD-0055,Pharmaceuticals,2024-12-03,34.8,38.46,-3.66
PROD-0055,Pharmaceuticals,2024-12-04,39.53,38.62,0.91
PROD-0055,Pharmaceuticals,2024-12-05,34.62,38.78,-4.16
PROD-0055,Pharmaceuticals,2024-12-06,33.48,38.94,-5.46
PROD-0055,Pharmaceuticals,2024-12-07,33.04,39.09,-6.05
PROD-0055,Pharmaceuticals,2024-12-08,42.09,39.25,2.84
PROD-0055,Pharmaceuticals,2024-12-09,35.25,39.41,-4.16
PROD-0055,Pharmaceuticals,2024-12-10,27.88,39.57,-11.69
PROD-0055,Pharmaceuticals,2024-12-11,30.46,39.72,-9.26
PROD-0055,Pharmaceuticals,2024-12-12,30.37,39.88,-9.51
PROD-0055,Pharmaceuticals,2024-12-13,28.89,40.04,-11.15
PROD-0055,Pharmaceuticals,2024-12-14,30.65,40.2,-9.55
PROD-0055,Pharmaceuticals,2024-12-15,28.18,40.36,-12.18
PROD-0055,Pharmaceuticals,2024-12-16,27.76,40.51,-12.75
PROD-0055,Pharmaceuticals,2024-12-17,29.01,40.67,-11.66
PROD-0055,Pharmaceuticals,2024-12-18,23.92,40.83,-16.91
PROD-0055,Pharmaceuticals,2024-12-19,21.96,40.99,-19.03
PROD-0055,Pharmaceuticals,2024-12-20,30.05,41.14,-11.09
PROD-0055,Pharmaceuticals,2024-12-21,28.1,41.3,-13.2
PROD-0055,Pharmaceuticals,2024-12-22,26.08,41.46,-15.38
PROD-0055,Pharmaceuticals,2024-12-23,25.18,41.62,-16.44
PROD-0055,Pharmaceuticals,2024-12-24,23.26,41.78,-18.52
PROD-0055,Pharmaceuticals,2024-12-25,31.08,41.93,-10.85
PROD-0055,Pharmaceuticals,2024-12-26,22.7,42.09,-19.39
PROD-0055,Pharmaceuticals,2024-12-27,27.97,42.25,-14.28
PROD-0055,Pharmaceuticals,2024-12-28,25.61,42.41,-16.8
PROD-0055,Pharmaceuticals,2024-12-29,21.08,42.56,-21.48
PROD-0055,Pharmaceuticals,2024-12-30,19.02,42.72,-23.7
