product_id,warehouse_id,current_stock,inventory_days,alert_level,timestamp
101.0,1.0,50.0,2.5,CRITICAL,2026-03-09 22:33:22
102.0,1.0,150.0,5.0,WARNING,2026-03-09 22:33:22
103.0,2.0,250.0,6.25,WARNING,2026-03-09 22:33:22
101.0,1.0,50.0,2.5,CRITICAL,2026-03-09 22:33:48
102.0,1.0,150.0,5.0,WARNING,2026-03-09 22:33:48
103.0,2.0,250.0,6.25,WARNING,2026-03-09 22:33:48
101.0,1.0,50.0,2.5,CRITICAL,2026-03-09 22:33:58
102.0,1.0,150.0,5.0,WARNING,2026-03-09 22:33:58
103.0,2.0,250.0,6.25,WARNING,2026-03-09 22:33:58
101.0,1.0,50.0,2.5,CRITICAL,2026-03-09 22:34:08
102.0,1.0,150.0,5.0,WARNING,2026-03-09 22:34:08
103.0,2.0,250.0,6.25,WARNING,2026-03-09 22:34:08
101.0,1.0,50.0,2.5,CRITICAL,2026-03-09 22:34:18
102.0,1.0,150.0,5.0,WARNING,2026-03-09 22:34:18
103.0,2.0,250.0,6.25,WARNING,2026-03-09 22:34:18
101.0,1.0,50.0,2.5,CRITICAL,2026-03-09 22:34:28
102.0,1.0,150.0,5.0,WARNING,2026-03-09 22:34:28
103.0,2.0,250.0,6.25,WARNING,2026-03-09 22:34:28
101.0,1.0,50.0,2.5,CRITICAL,2026-03-09 22:34:38
102.0,1.0,150.0,5.0,WARNING,2026-03-09 22:34:38
103.0,2.0,250.0,6.25,WARNING,2026-03-09 22:34:38
101.0,1.0,50.0,2.5,CRITICAL,2026-03-09 22:34:48
102.0,1.0,150.0,5.0,WARNING,2026-03-09 22:34:48
103.0,2.0,250.0,6.25,WARNING,2026-03-09 22:34:48
101.0,1.0,50.0,2.5,CRITICAL,2026-03-09 22:34:58
102.0,1.0,150.0,5.0,WARNING,2026-03-09 22:34:58
103.0,2.0,250.0,6.25,WARNING,2026-03-09 22:34:58
101.0,1.0,50.0,2.5,CRITICAL,2026-03-09 22:35:08
102.0,1.0,150.0,5.0,WARNING,2026-03-09 22:35:08
103.0,2.0,250.0,6.25,WARNING,2026-03-09 22:35:08
101.0,1.0,50.0,2.5,CRITICAL,2026-03-09 22:35:18
102.0,1.0,150.0,5.0,WARNING,2026-03-09 22:35:18
103.0,2.0,250.0,6.25,WARNING,2026-03-09 22:35:18
101.0,1.0,50.0,2.5,CRITICAL,2026-03-09 22:35:28
102.0,1.0,150.0,5.0,WARNING,2026-03-09 22:35:28
103.0,2.0,250.0,6.25,WARNING,2026-03-09 22:35:28
101.0,1.0,50.0,2.5,CRITICAL,2026-03-09 22:35:38
102.0,1.0,150.0,5.0,WARNING,2026-03-09 22:35:38
103.0,2.0,250.0,6.25,WARNING,2026-03-09 22:35:38
101.0,1.0,50.0,2.5,CRITICAL,2026-03-09 22:35:48
102.0,1.0,150.0,5.0,WARNING,2026-03-09 22:35:48
103.0,2.0,250.0,6.25,WARNING,2026-03-09 22:35:48
101.0,1.0,50.0,2.5,CRITICAL,2026-03-09 22:35:58
102.0,1.0,150.0,5.0,WARNING,2026-03-09 22:35:58
103.0,2.0,250.0,6.25,WARNING,2026-03-09 22:35:58
101.0,1.0,50.0,2.5,CRITICAL,2026-03-09 22:36:08
102.0,1.0,150.0,5.0,WARNING,2026-03-09 22:36:08
103.0,2.0,250.0,6.25,WARNING,2026-03-09 22:36:08
101.0,1.0,50.0,2.5,CRITICAL,2026-03-09 22:36:18
102.0,1.0,150.0,5.0,WARNING,2026-03-09 22:36:18
103.0,2.0,250.0,6.25,WARNING,2026-03-09 22:36:18
101.0,1.0,50.0,2.5,CRITICAL,2026-03-09 22:36:29
102.0,1.0,150.0,5.0,WARNING,2026-03-09 22:36:29
103.0,2.0,250.0,6.25,WARNING,2026-03-09 22:36:29
101.0,1.0,50.0,2.5,CRITICAL,2026-03-09 22:36:39
102.0,1.0,150.0,5.0,WARNING,2026-03-09 22:36:39
103.0,2.0,250.0,6.25,WARNING,2026-03-09 22:36:39
101.0,1.0,50.0,2.5,CRITICAL,2026-03-09 22:36:49
102.0,1.0,150.0,5.0,WARNING,2026-03-09 22:36:49
103.0,2.0,250.0,6.25,WARNING,2026-03-09 22:36:49
101.0,1.0,50.0,2.5,CRITICAL,2026-03-09 22:36:59
102.0,1.0,150.0,5.0,WARNING,2026-03-09 22:36:59
103.0,2.0,250.0,6.25,WARNING,2026-03-09 22:36:59
101.0,1.0,50.0,2.5,CRITICAL,2026-03-09 22:37:09
102.0,1.0,150.0,5.0,WARNING,2026-03-09 22:37:09
103.0,2.0,250.0,6.25,WARNING,2026-03-09 22:37:09
101.0,1.0,50.0,2.5,CRITICAL,2026-03-09 22:37:19
102.0,1.0,150.0,5.0,WARNING,2026-03-09 22:37:19
103.0,2.0,250.0,6.25,WARNING,2026-03-09 22:37:19
101.0,1.0,50.0,2.5,CRITICAL,2026-03-09 22:37:29
102.0,1.0,150.0,5.0,WARNING,2026-03-09 22:37:29
103.0,2.0,250.0,6.25,WARNING,2026-03-09 22:37:29
101.0,1.0,50.0,2.5,CRITICAL,2026-03-09 22:37:39
102.0,1.0,150.0,5.0,WARNING,2026-03-09 22:37:39
103.0,2.0,250.0,6.25,WARNING,2026-03-09 22:37:39
101.0,1.0,50.0,2.5,CRITICAL,2026-03-09 22:37:49
102.0,1.0,150.0,5.0,WARNING,2026-03-09 22:37:49
103.0,2.0,250.0,6.25,WARNING,2026-03-09 22:37:49
101.0,1.0,50.0,2.5,CRITICAL,2026-03-09 22:37:59
102.0,1.0,150.0,5.0,WARNING,2026-03-09 22:37:59
103.0,2.0,250.0,6.25,WARNING,2026-03-09 22:37:59
101.0,1.0,50.0,2.5,CRITICAL,2026-03-09 22:38:09
102.0,1.0,150.0,5.0,WARNING,2026-03-09 22:38:09
103.0,2.0,250.0,6.25,WARNING,2026-03-09 22:38:09
101.0,1.0,50.0,2.5,CRITICAL,2026-03-09 22:38:19
102.0,1.0,150.0,5.0,WARNING,2026-03-09 22:38:19
103.0,2.0,250.0,6.25,WARNING,2026-03-09 22:38:19
101.0,1.0,50.0,2.5,CRITICAL,2026-03-09 22:38:29
102.0,1.0,150.0,5.0,WARNING,2026-03-09 22:38:29
103.0,2.0,250.0,6.25,WARNING,2026-03-09 22:38:29
101.0,1.0,50.0,2.5,CRITICAL,2026-03-09 22:38:39
102.0,1.0,150.0,5.0,WARNING,2026-03-09 22:38:39
103.0,2.0,250.0,6.25,WARNING,2026-03-09 22:38:39
101.0,1.0,50.0,2.5,CRITICAL,2026-03-09 22:38:49
102.0,1.0,150.0,5.0,WARNING,2026-03-09 22:38:49
103.0,2.0,250.0,6.25,WARNING,2026-03-09 22:38:49
101.0,1.0,50.0,2.5,CRITICAL,2026-03-09 22:38:59
102.0,1.0,150.0,5.0,WARNING,2026-03-09 22:38:59
103.0,2.0,250.0,6.25,WARNING,2026-03-09 22:38:59
101.0,1.0,50.0,2.5,CRITICAL,2026-03-09 22:39:09
102.0,1.0,150.0,5.0,WARNING,2026-03-09 22:39:09
103.0,2.0,250.0,6.25,WARNING,2026-03-09 22:39:09
101.0,1.0,50.0,2.5,CRITICAL,2026-03-09 22:39:19
102.0,1.0,150.0,5.0,WARNING,2026-03-09 22:39:19
103.0,2.0,250.0,6.25,WARNING,2026-03-09 22:39:19
101.0,1.0,50.0,2.5,CRITICAL,2026-03-09 22:39:29
102.0,1.0,150.0,5.0,WARNING,2026-03-09 22:39:29
103.0,2.0,250.0,6.25,WARNING,2026-03-09 22:39:29
101.0,1.0,50.0,2.5,CRITICAL,2026-03-09 22:39:39
102.0,1.0,150.0,5.0,WARNING,2026-03-09 22:39:39
103.0,2.0,250.0,6.25,WARNING,2026-03-09 22:39:39
101.0,1.0,50.0,2.5,CRITICAL,2026-03-09 22:39:49
102.0,1.0,150.0,5.0,WARNING,2026-03-09 22:39:49
103.0,2.0,250.0,6.25,WARNING,2026-03-09 22:39:49
101.0,1.0,50.0,2.5,CRITICAL,2026-03-09 22:39:59
102.0,1.0,150.0,5.0,WARNING,2026-03-09 22:39:59
103.0,2.0,250.0,6.25,WARNING,2026-03-09 22:39:59
101.0,1.0,50.0,2.5,CRITICAL,2026-03-09 22:40:09
102.0,1.0,150.0,5.0,WARNING,2026-03-09 22:40:09
103.0,2.0,250.0,6.25,WARNING,2026-03-09 22:40:09
101.0,1.0,50.0,2.5,CRITICAL,2026-03-09 22:40:19
102.0,1.0,150.0,5.0,WARNING,2026-03-09 22:40:19
103.0,2.0,250.0,6.25,WARNING,2026-03-09 22:40:19
101.0,1.0,50.0,2.5,CRITICAL,2026-03-09 22:40:29
102.0,1.0,150.0,5.0,WARNING,2026-03-09 22:40:29
103.0,2.0,250.0,6.25,WARNING,2026-03-09 22:40:29
101.0,1.0,50.0,2.5,CRITICAL,2026-03-09 22:40:39
102.0,1.0,150.0,5.0,WARNING,2026-03-09 22:40:39
103.0,2.0,250.0,6.25,WARNING,2026-03-09 22:40:39
101.0,1.0,50.0,2.5,CRITICAL,2026-03-09 22:40:49
102.0,1.0,150.0,5.0,WARNING,2026-03-09 22:40:49
103.0,2.0,250.0,6.25,WARNING,2026-03-09 22:40:49
101.0,1.0,50.0,2.5,CRITICAL,2026-03-09 22:40:59
102.0,1.0,150.0,5.0,WARNING,2026-03-09 22:40:59
103.0,2.0,250.0,6.25,WARNING,2026-03-09 22:40:59
101.0,1.0,50.0,2.5,CRITICAL,2026-03-09 22:41:09
102.0,1.0,150.0,5.0,WARNING,2026-03-09 22:41:09
103.0,2.0,250.0,6.25,WARNING,2026-03-09 22:41:09
101.0,1.0,50.0,2.5,CRITICAL,2026-03-09 22:41:19
102.0,1.0,150.0,5.0,WARNING,2026-03-09 22:41:19
103.0,2.0,250.0,6.25,WARNING,2026-03-09 22:41:19
101.0,1.0,50.0,2.5,CRITICAL,2026-03-09 22:41:29
102.0,1.0,150.0,5.0,WARNING,2026-03-09 22:41:29
103.0,2.0,250.0,6.25,WARNING,2026-03-09 22:41:29
101.0,1.0,50.0,2.5,CRITICAL,2026-03-09 22:41:39
102.0,1.0,150.0,5.0,WARNING,2026-03-09 22:41:39
103.0,2.0,250.0,6.25,WARNING,2026-03-09 22:41:39
101.0,1.0,50.0,2.5,CRITICAL,2026-03-09 22:41:49
102.0,1.0,150.0,5.0,WARNING,2026-03-09 22:41:49
103.0,2.0,250.0,6.25,WARNING,2026-03-09 22:41:49
101.0,1.0,50.0,2.5,CRITICAL,2026-03-09 22:41:59
102.0,1.0,150.0,5.0,WARNING,2026-03-09 22:41:59
103.0,2.0,250.0,6.25,WARNING,2026-03-09 22:41:59
101.0,1.0,50.0,2.5,CRITICAL,2026-03-09 22:42:09
102.0,1.0,150.0,5.0,WARNING,2026-03-09 22:42:09
103.0,2.0,250.0,6.25,WARNING,2026-03-09 22:42:09
101.0,1.0,50.0,2.5,CRITICAL,2026-03-09 22:42:19
102.0,1.0,150.0,5.0,WARNING,2026-03-09 22:42:19
103.0,2.0,250.0,6.25,WARNING,2026-03-09 22:42:19
101.0,1.0,50.0,2.5,CRITICAL,2026-03-09 22:42:29
102.0,1.0,150.0,5.0,WARNING,2026-03-09 22:42:29
103.0,2.0,250.0,6.25,WARNING,2026-03-09 22:42:29
101.0,1.0,50.0,2.5,CRITICAL,2026-03-09 22:42:39
102.0,1.0,150.0,5.0,WARNING,2026-03-09 22:42:39
103.0,2.0,250.0,6.25,WARNING,2026-03-09 22:42:39
101.0,1.0,50.0,2.5,CRITICAL,2026-03-09 22:42:49
102.0,1.0,150.0,5.0,WARNING,2026-03-09 22:42:49
103.0,2.0,250.0,6.25,WARNING,2026-03-09 22:42:49
101.0,1.0,50.0,2.5,CRITICAL,2026-03-09 22:42:59
102.0,1.0,150.0,5.0,WARNING,2026-03-09 22:42:59
103.0,2.0,250.0,6.25,WARNING,2026-03-09 22:42:59
101.0,1.0,50.0,2.5,CRITICAL,2026-03-09 22:43:09
102.0,1.0,150.0,5.0,WARNING,2026-03-09 22:43:09
103.0,2.0,250.0,6.25,WARNING,2026-03-09 22:43:09
101.0,1.0,50.0,2.5,CRITICAL,2026-03-09 22:43:19
102.0,1.0,150.0,5.0,WARNING,2026-03-09 22:43:19
103.0,2.0,250.0,6.25,WARNING,2026-03-09 22:43:19
101.0,1.0,50.0,2.5,CRITICAL,2026-03-09 22:43:29
102.0,1.0,150.0,5.0,WARNING,2026-03-09 22:43:29
103.0,2.0,250.0,6.25,WARNING,2026-03-09 22:43:29
101.0,1.0,50.0,2.5,CRITICAL,2026-03-09 22:43:39
102.0,1.0,150.0,5.0,WARNING,2026-03-09 22:43:39
103.0,2.0,250.0,6.25,WARNING,2026-03-09 22:43:39
101.0,1.0,50.0,2.5,CRITICAL,2026-03-09 22:43:49
102.0,1.0,150.0,5.0,WARNING,2026-03-09 22:43:49
103.0,2.0,250.0,6.25,WARNING,2026-03-09 22:43:49
101.0,1.0,50.0,2.5,CRITICAL,2026-03-09 22:43:59
102.0,1.0,150.0,5.0,WARNING,2026-03-09 22:43:59
103.0,2.0,250.0,6.25,WARNING,2026-03-09 22:43:59
101.0,1.0,50.0,2.5,CRITICAL,2026-03-09 22:44:09
102.0,1.0,150.0,5.0,WARNING,2026-03-09 22:44:09
103.0,2.0,250.0,6.25,WARNING,2026-03-09 22:44:09
101.0,1.0,50.0,2.5,CRITICAL,2026-03-09 22:44:19
102.0,1.0,150.0,5.0,WARNING,2026-03-09 22:44:19
103.0,2.0,250.0,6.25,WARNING,2026-03-09 22:44:19
101.0,1.0,50.0,2.5,CRITICAL,2026-03-09 22:44:30
102.0,1.0,150.0,5.0,WARNING,2026-03-09 22:44:30
103.0,2.0,250.0,6.25,WARNING,2026-03-09 22:44:30
101.0,1.0,50.0,2.5,CRITICAL,2026-03-09 22:44:40
102.0,1.0,150.0,5.0,WARNING,2026-03-09 22:44:40
103.0,2.0,250.0,6.25,WARNING,2026-03-09 22:44:40
101.0,1.0,50.0,2.5,CRITICAL,2026-03-09 22:44:50
102.0,1.0,150.0,5.0,WARNING,2026-03-09 22:44:50
103.0,2.0,250.0,6.25,WARNING,2026-03-09 22:44:50
101.0,1.0,50.0,2.5,CRITICAL,2026-03-09 22:45:00
102.0,1.0,150.0,5.0,WARNING,2026-03-09 22:45:00
103.0,2.0,250.0,6.25,WARNING,2026-03-09 22:45:00
101.0,1.0,50.0,2.5,CRITICAL,2026-03-09 22:45:10
102.0,1.0,150.0,5.0,WARNING,2026-03-09 22:45:10
103.0,2.0,250.0,6.25,WARNING,2026-03-09 22:45:10
101.0,1.0,50.0,2.5,CRITICAL,2026-03-09 22:45:20
102.0,1.0,150.0,5.0,WARNING,2026-03-09 22:45:20
103.0,2.0,250.0,6.25,WARNING,2026-03-09 22:45:20
101.0,1.0,50.0,2.5,CRITICAL,2026-03-09 22:45:30
102.0,1.0,150.0,5.0,WARNING,2026-03-09 22:45:30
103.0,2.0,250.0,6.25,WARNING,2026-03-09 22:45:30
101.0,1.0,50.0,2.5,CRITICAL,2026-03-09 22:45:40
102.0,1.0,150.0,5.0,WARNING,2026-03-09 22:45:40
103.0,2.0,250.0,6.25,WARNING,2026-03-09 22:45:40
101.0,1.0,50.0,2.5,CRITICAL,2026-03-09 22:45:50
102.0,1.0,150.0,5.0,WARNING,2026-03-09 22:45:50
103.0,2.0,250.0,6.25,WARNING,2026-03-09 22:45:50
101.0,1.0,50.0,2.5,CRITICAL,2026-03-09 22:46:00
102.0,1.0,150.0,5.0,WARNING,2026-03-09 22:46:00
103.0,2.0,250.0,6.25,WARNING,2026-03-09 22:46:00
101.0,1.0,50.0,2.5,CRITICAL,2026-03-09 22:46:10
102.0,1.0,150.0,5.0,WARNING,2026-03-09 22:46:10
103.0,2.0,250.0,6.25,WARNING,2026-03-09 22:46:10
101.0,1.0,50.0,2.5,CRITICAL,2026-03-09 22:46:20
102.0,1.0,150.0,5.0,WARNING,2026-03-09 22:46:20
103.0,2.0,250.0,6.25,WARNING,2026-03-09 22:46:20
101.0,1.0,50.0,2.5,CRITICAL,2026-03-09 22:46:30
102.0,1.0,150.0,5.0,WARNING,2026-03-09 22:46:30
103.0,2.0,250.0,6.25,WARNING,2026-03-09 22:46:30
101.0,1.0,50.0,2.5,CRITICAL,2026-03-09 22:46:40
102.0,1.0,150.0,5.0,WARNING,2026-03-09 22:46:40
103.0,2.0,250.0,6.25,WARNING,2026-03-09 22:46:40
101.0,1.0,50.0,2.5,CRITICAL,2026-03-09 22:46:50
102.0,1.0,150.0,5.0,WARNING,2026-03-09 22:46:50
103.0,2.0,250.0,6.25,WARNING,2026-03-09 22:46:50
101.0,1.0,50.0,2.5,CRITICAL,2026-03-09 22:47:00
102.0,1.0,150.0,5.0,WARNING,2026-03-09 22:47:00
103.0,2.0,250.0,6.25,WARNING,2026-03-09 22:47:00
101.0,1.0,50.0,2.5,CRITICAL,2026-03-09 22:47:10
102.0,1.0,150.0,5.0,WARNING,2026-03-09 22:47:10
103.0,2.0,250.0,6.25,WARNING,2026-03-09 22:47:10
101.0,1.0,50.0,2.5,CRITICAL,2026-03-09 22:47:20
102.0,1.0,150.0,5.0,WARNING,2026-03-09 22:47:20
103.0,2.0,250.0,6.25,WARNING,2026-03-09 22:47:20
101.0,1.0,50.0,2.5,CRITICAL,2026-03-09 22:47:30
102.0,1.0,150.0,5.0,WARNING,2026-03-09 22:47:30
103.0,2.0,250.0,6.25,WARNING,2026-03-09 22:47:30
101.0,1.0,50.0,2.5,CRITICAL,2026-03-09 22:47:40
102.0,1.0,150.0,5.0,WARNING,2026-03-09 22:47:40
103.0,2.0,250.0,6.25,WARNING,2026-03-09 22:47:40
101.0,1.0,50.0,2.5,CRITICAL,2026-03-09 22:47:50
102.0,1.0,150.0,5.0,WARNING,2026-03-09 22:47:50
103.0,2.0,250.0,6.25,WARNING,2026-03-09 22:47:50
101.0,1.0,50.0,2.5,CRITICAL,2026-03-09 22:48:00
102.0,1.0,150.0,5.0,WARNING,2026-03-09 22:48:00
103.0,2.0,250.0,6.25,WARNING,2026-03-09 22:48:00
101.0,1.0,50.0,2.5,CRITICAL,2026-03-09 22:48:10
102.0,1.0,150.0,5.0,WARNING,2026-03-09 22:48:10
103.0,2.0,250.0,6.25,WARNING,2026-03-09 22:48:10
101.0,1.0,50.0,2.5,CRITICAL,2026-03-09 22:48:20
102.0,1.0,150.0,5.0,WARNING,2026-03-09 22:48:20
103.0,2.0,250.0,6.25,WARNING,2026-03-09 22:48:20
101.0,1.0,50.0,2.5,CRITICAL,2026-03-09 22:48:30
102.0,1.0,150.0,5.0,WARNING,2026-03-09 22:48:30
103.0,2.0,250.0,6.25,WARNING,2026-03-09 22:48:30
101.0,1.0,50.0,2.5,CRITICAL,2026-03-09 22:48:40
102.0,1.0,150.0,5.0,WARNING,2026-03-09 22:48:40
103.0,2.0,250.0,6.25,WARNING,2026-03-09 22:48:40
101.0,1.0,50.0,2.5,CRITICAL,2026-03-09 22:48:50
102.0,1.0,150.0,5.0,WARNING,2026-03-09 22:48:50
103.0,2.0,250.0,6.25,WARNING,2026-03-09 22:48:50
101.0,1.0,50.0,2.5,CRITICAL,2026-03-09 22:49:00
102.0,1.0,150.0,5.0,WARNING,2026-03-09 22:49:00
103.0,2.0,250.0,6.25,WARNING,2026-03-09 22:49:00
101.0,1.0,50.0,2.5,CRITICAL,2026-03-09 22:49:10
102.0,1.0,150.0,5.0,WARNING,2026-03-09 22:49:10
103.0,2.0,250.0,6.25,WARNING,2026-03-09 22:49:10
101.0,1.0,50.0,2.5,CRITICAL,2026-03-09 22:49:20
102.0,1.0,150.0,5.0,WARNING,2026-03-09 22:49:20
103.0,2.0,250.0,6.25,WARNING,2026-03-09 22:49:20
101.0,1.0,50.0,2.5,CRITICAL,2026-03-09 22:49:30
102.0,1.0,150.0,5.0,WARNING,2026-03-09 22:49:30
103.0,2.0,250.0,6.25,WARNING,2026-03-09 22:49:30
101.0,1.0,50.0,2.5,CRITICAL,2026-03-09 22:49:40
102.0,1.0,150.0,5.0,WARNING,2026-03-09 22:49:40
103.0,2.0,250.0,6.25,WARNING,2026-03-09 22:49:40
101.0,1.0,50.0,2.5,CRITICAL,2026-03-09 22:49:50
102.0,1.0,150.0,5.0,WARNING,2026-03-09 22:49:50
103.0,2.0,250.0,6.25,WARNING,2026-03-09 22:49:50
101.0,1.0,50.0,2.5,CRITICAL,2026-03-09 22:50:00
102.0,1.0,150.0,5.0,WARNING,2026-03-09 22:50:00
103.0,2.0,250.0,6.25,WARNING,2026-03-09 22:50:00
101.0,1.0,50.0,2.5,CRITICAL,2026-03-09 22:50:10
102.0,1.0,150.0,5.0,WARNING,2026-03-09 22:50:10
103.0,2.0,250.0,6.25,WARNING,2026-03-09 22:50:10
101.0,1.0,50.0,2.5,CRITICAL,2026-03-09 22:50:20
102.0,1.0,150.0,5.0,WARNING,2026-03-09 22:50:20
103.0,2.0,250.0,6.25,WARNING,2026-03-09 22:50:20
101.0,1.0,50.0,2.5,CRITICAL,2026-03-09 22:50:30
102.0,1.0,150.0,5.0,WARNING,2026-03-09 22:50:30
103.0,2.0,250.0,6.25,WARNING,2026-03-09 22:50:30
101.0,1.0,50.0,2.5,CRITICAL,2026-03-09 22:50:40
102.0,1.0,150.0,5.0,WARNING,2026-03-09 22:50:40
103.0,2.0,250.0,6.25,WARNING,2026-03-09 22:50:40
101.0,1.0,50.0,2.5,CRITICAL,2026-03-09 22:50:50
102.0,1.0,150.0,5.0,WARNING,2026-03-09 22:50:50
103.0,2.0,250.0,6.25,WARNING,2026-03-09 22:50:50
101.0,1.0,50.0,2.5,CRITICAL,2026-03-09 22:51:00
102.0,1.0,150.0,5.0,WARNING,2026-03-09 22:51:00
103.0,2.0,250.0,6.25,WARNING,2026-03-09 22:51:00
101.0,1.0,50.0,2.5,CRITICAL,2026-03-09 22:51:10
102.0,1.0,150.0,5.0,WARNING,2026-03-09 22:51:10
103.0,2.0,250.0,6.25,WARNING,2026-03-09 22:51:10
101.0,1.0,50.0,2.5,CRITICAL,2026-03-09 22:51:20
102.0,1.0,150.0,5.0,WARNING,2026-03-09 22:51:20
103.0,2.0,250.0,6.25,WARNING,2026-03-09 22:51:20
101.0,1.0,50.0,2.5,CRITICAL,2026-03-09 22:51:30
102.0,1.0,150.0,5.0,WARNING,2026-03-09 22:51:30
103.0,2.0,250.0,6.25,WARNING,2026-03-09 22:51:30
101.0,1.0,50.0,2.5,CRITICAL,2026-03-09 22:51:40
102.0,1.0,150.0,5.0,WARNING,2026-03-09 22:51:40
103.0,2.0,250.0,6.25,WARNING,2026-03-09 22:51:40
101.0,1.0,50.0,2.5,CRITICAL,2026-03-09 22:51:50
102.0,1.0,150.0,5.0,WARNING,2026-03-09 22:51:50
103.0,2.0,250.0,6.25,WARNING,2026-03-09 22:51:50
101.0,1.0,50.0,2.5,CRITICAL,2026-03-09 22:52:01
102.0,1.0,150.0,5.0,WARNING,2026-03-09 22:52:01
103.0,2.0,250.0,6.25,WARNING,2026-03-09 22:52:01
101.0,1.0,50.0,2.5,CRITICAL,2026-03-09 22:52:11
102.0,1.0,150.0,5.0,WARNING,2026-03-09 22:52:11
103.0,2.0,250.0,6.25,WARNING,2026-03-09 22:52:11
101.0,1.0,50.0,2.5,CRITICAL,2026-03-09 22:52:21
102.0,1.0,150.0,5.0,WARNING,2026-03-09 22:52:21
103.0,2.0,250.0,6.25,WARNING,2026-03-09 22:52:21
101.0,1.0,50.0,2.5,CRITICAL,2026-03-09 22:52:31
102.0,1.0,150.0,5.0,WARNING,2026-03-09 22:52:31
103.0,2.0,250.0,6.25,WARNING,2026-03-09 22:52:31
101.0,1.0,50.0,2.5,CRITICAL,2026-03-09 22:52:41
102.0,1.0,150.0,5.0,WARNING,2026-03-09 22:52:41
103.0,2.0,250.0,6.25,WARNING,2026-03-09 22:52:41
101.0,1.0,50.0,2.5,CRITICAL,2026-03-09 22:52:51
102.0,1.0,150.0,5.0,WARNING,2026-03-09 22:52:51
103.0,2.0,250.0,6.25,WARNING,2026-03-09 22:52:51
101.0,1.0,50.0,2.5,CRITICAL,2026-03-09 22:53:01
102.0,1.0,150.0,5.0,WARNING,2026-03-09 22:53:01
103.0,2.0,250.0,6.25,WARNING,2026-03-09 22:53:01
101.0,1.0,50.0,2.5,CRITICAL,2026-03-09 22:53:11
102.0,1.0,150.0,5.0,WARNING,2026-03-09 22:53:11
103.0,2.0,250.0,6.25,WARNING,2026-03-09 22:53:11
101.0,1.0,50.0,2.5,CRITICAL,2026-03-09 22:53:21
102.0,1.0,150.0,5.0,WARNING,2026-03-09 22:53:21
103.0,2.0,250.0,6.25,WARNING,2026-03-09 22:53:21
101.0,1.0,50.0,2.5,CRITICAL,2026-03-09 22:53:31
102.0,1.0,150.0,5.0,WARNING,2026-03-09 22:53:31
103.0,2.0,250.0,6.25,WARNING,2026-03-09 22:53:31
101.0,1.0,50.0,2.5,CRITICAL,2026-03-09 22:53:41
102.0,1.0,150.0,5.0,WARNING,2026-03-09 22:53:41
103.0,2.0,250.0,6.25,WARNING,2026-03-09 22:53:41
101.0,1.0,50.0,2.5,CRITICAL,2026-03-09 22:53:51
102.0,1.0,150.0,5.0,WARNING,2026-03-09 22:53:51
103.0,2.0,250.0,6.25,WARNING,2026-03-09 22:53:51
101.0,1.0,50.0,2.5,CRITICAL,2026-03-09 22:54:01
102.0,1.0,150.0,5.0,WARNING,2026-03-09 22:54:01
103.0,2.0,250.0,6.25,WARNING,2026-03-09 22:54:01
101.0,1.0,50.0,2.5,CRITICAL,2026-03-09 22:54:11
102.0,1.0,150.0,5.0,WARNING,2026-03-09 22:54:11
103.0,2.0,250.0,6.25,WARNING,2026-03-09 22:54:11
101.0,1.0,50.0,2.5,CRITICAL,2026-03-09 22:54:21
102.0,1.0,150.0,5.0,WARNING,2026-03-09 22:54:21
103.0,2.0,250.0,6.25,WARNING,2026-03-09 22:54:21
101.0,1.0,50.0,2.5,CRITICAL,2026-03-09 22:54:31
102.0,1.0,150.0,5.0,WARNING,2026-03-09 22:54:31
103.0,2.0,250.0,6.25,WARNING,2026-03-09 22:54:31
101.0,1.0,50.0,2.5,CRITICAL,2026-03-09 22:54:41
102.0,1.0,150.0,5.0,WARNING,2026-03-09 22:54:41
103.0,2.0,250.0,6.25,WARNING,2026-03-09 22:54:41
101.0,1.0,50.0,2.5,CRITICAL,2026-03-09 22:54:51
102.0,1.0,150.0,5.0,WARNING,2026-03-09 22:54:51
103.0,2.0,250.0,6.25,WARNING,2026-03-09 22:54:51
101.0,1.0,50.0,2.5,CRITICAL,2026-03-09 22:55:01
102.0,1.0,150.0,5.0,WARNING,2026-03-09 22:55:01
103.0,2.0,250.0,6.25,WARNING,2026-03-09 22:55:01
101.0,1.0,50.0,2.5,CRITICAL,2026-03-09 22:55:11
102.0,1.0,150.0,5.0,WARNING,2026-03-09 22:55:11
103.0,2.0,250.0,6.25,WARNING,2026-03-09 22:55:11
101.0,1.0,50.0,2.5,CRITICAL,2026-03-09 22:55:21
102.0,1.0,150.0,5.0,WARNING,2026-03-09 22:55:21
103.0,2.0,250.0,6.25,WARNING,2026-03-09 22:55:21
101.0,1.0,50.0,2.5,CRITICAL,2026-03-09 22:55:31
102.0,1.0,150.0,5.0,WARNING,2026-03-09 22:55:31
103.0,2.0,250.0,6.25,WARNING,2026-03-09 22:55:31
101.0,1.0,50.0,2.5,CRITICAL,2026-03-09 22:55:41
102.0,1.0,150.0,5.0,WARNING,2026-03-09 22:55:41
103.0,2.0,250.0,6.25,WARNING,2026-03-09 22:55:41
101.0,1.0,50.0,2.5,CRITICAL,2026-03-09 22:55:51
102.0,1.0,150.0,5.0,WARNING,2026-03-09 22:55:51
103.0,2.0,250.0,6.25,WARNING,2026-03-09 22:55:51
101.0,1.0,50.0,2.5,CRITICAL,2026-03-09 22:56:01
102.0,1.0,150.0,5.0,WARNING,2026-03-09 22:56:01
103.0,2.0,250.0,6.25,WARNING,2026-03-09 22:56:01
101.0,1.0,50.0,2.5,CRITICAL,2026-03-09 22:56:11
102.0,1.0,150.0,5.0,WARNING,2026-03-09 22:56:11
103.0,2.0,250.0,6.25,WARNING,2026-03-09 22:56:11
101.0,1.0,50.0,2.5,CRITICAL,2026-03-09 22:56:21
102.0,1.0,150.0,5.0,WARNING,2026-03-09 22:56:21
103.0,2.0,250.0,6.25,WARNING,2026-03-09 22:56:21
101.0,1.0,50.0,2.5,CRITICAL,2026-03-09 22:56:31
102.0,1.0,150.0,5.0,WARNING,2026-03-09 22:56:31
103.0,2.0,250.0,6.25,WARNING,2026-03-09 22:56:31
101.0,1.0,50.0,2.5,CRITICAL,2026-03-09 22:56:41
102.0,1.0,150.0,5.0,WARNING,2026-03-09 22:56:41
103.0,2.0,250.0,6.25,WARNING,2026-03-09 22:56:41
101.0,1.0,50.0,2.5,CRITICAL,2026-03-09 22:56:51
102.0,1.0,150.0,5.0,WARNING,2026-03-09 22:56:51
103.0,2.0,250.0,6.25,WARNING,2026-03-09 22:56:51
101.0,1.0,50.0,2.5,CRITICAL,2026-03-09 22:57:01
102.0,1.0,150.0,5.0,WARNING,2026-03-09 22:57:01
103.0,2.0,250.0,6.25,WARNING,2026-03-09 22:57:01
101.0,1.0,50.0,2.5,CRITICAL,2026-03-09 22:57:11
102.0,1.0,150.0,5.0,WARNING,2026-03-09 22:57:11
103.0,2.0,250.0,6.25,WARNING,2026-03-09 22:57:11
101.0,1.0,50.0,2.5,CRITICAL,2026-03-09 22:57:21
102.0,1.0,150.0,5.0,WARNING,2026-03-09 22:57:21
103.0,2.0,250.0,6.25,WARNING,2026-03-09 22:57:21
101.0,1.0,50.0,2.5,CRITICAL,2026-03-09 22:57:31
102.0,1.0,150.0,5.0,WARNING,2026-03-09 22:57:31
103.0,2.0,250.0,6.25,WARNING,2026-03-09 22:57:31
101.0,1.0,50.0,2.5,CRITICAL,2026-03-09 22:57:41
102.0,1.0,150.0,5.0,WARNING,2026-03-09 22:57:41
103.0,2.0,250.0,6.25,WARNING,2026-03-09 22:57:41
101.0,1.0,50.0,2.5,CRITICAL,2026-03-09 22:57:51
102.0,1.0,150.0,5.0,WARNING,2026-03-09 22:57:51
103.0,2.0,250.0,6.25,WARNING,2026-03-09 22:57:51
101.0,1.0,50.0,2.5,CRITICAL,2026-03-09 22:58:01
102.0,1.0,150.0,5.0,WARNING,2026-03-09 22:58:01
103.0,2.0,250.0,6.25,WARNING,2026-03-09 22:58:01
101.0,1.0,50.0,2.5,CRITICAL,2026-03-09 22:58:11
102.0,1.0,150.0,5.0,WARNING,2026-03-09 22:58:11
103.0,2.0,250.0,6.25,WARNING,2026-03-09 22:58:11
101.0,1.0,50.0,2.5,CRITICAL,2026-03-09 22:58:21
102.0,1.0,150.0,5.0,WARNING,2026-03-09 22:58:21
103.0,2.0,250.0,6.25,WARNING,2026-03-09 22:58:21
101.0,1.0,50.0,2.5,CRITICAL,2026-03-09 22:58:31
102.0,1.0,150.0,5.0,WARNING,2026-03-09 22:58:31
103.0,2.0,250.0,6.25,WARNING,2026-03-09 22:58:31
101.0,1.0,50.0,2.5,CRITICAL,2026-03-09 22:58:41
102.0,1.0,150.0,5.0,WARNING,2026-03-09 22:58:41
103.0,2.0,250.0,6.25,WARNING,2026-03-09 22:58:41
101.0,1.0,50.0,2.5,CRITICAL,2026-03-09 22:58:51
102.0,1.0,150.0,5.0,WARNING,2026-03-09 22:58:51
103.0,2.0,250.0,6.25,WARNING,2026-03-09 22:58:51
101.0,1.0,50.0,2.5,CRITICAL,2026-03-09 22:59:02
102.0,1.0,150.0,5.0,WARNING,2026-03-09 22:59:02
103.0,2.0,250.0,6.25,WARNING,2026-03-09 22:59:02
101.0,1.0,50.0,2.5,CRITICAL,2026-03-09 22:59:12
102.0,1.0,150.0,5.0,WARNING,2026-03-09 22:59:12
103.0,2.0,250.0,6.25,WARNING,2026-03-09 22:59:12
101.0,1.0,50.0,2.5,CRITICAL,2026-03-09 22:59:22
102.0,1.0,150.0,5.0,WARNING,2026-03-09 22:59:22
103.0,2.0,250.0,6.25,WARNING,2026-03-09 22:59:22
101.0,1.0,50.0,2.5,CRITICAL,2026-03-09 22:59:32
102.0,1.0,150.0,5.0,WARNING,2026-03-09 22:59:32
103.0,2.0,250.0,6.25,WARNING,2026-03-09 22:59:32
101.0,1.0,50.0,2.5,CRITICAL,2026-03-09 22:59:42
102.0,1.0,150.0,5.0,WARNING,2026-03-09 22:59:42
103.0,2.0,250.0,6.25,WARNING,2026-03-09 22:59:42
101.0,1.0,50.0,2.5,CRITICAL,2026-03-09 22:59:52
102.0,1.0,150.0,5.0,WARNING,2026-03-09 22:59:52
103.0,2.0,250.0,6.25,WARNING,2026-03-09 22:59:52
101.0,1.0,50.0,2.5,CRITICAL,2026-03-09 23:00:02
102.0,1.0,150.0,5.0,WARNING,2026-03-09 23:00:02
103.0,2.0,250.0,6.25,WARNING,2026-03-09 23:00:02
101.0,1.0,50.0,2.5,CRITICAL,2026-03-09 23:00:12
102.0,1.0,150.0,5.0,WARNING,2026-03-09 23:00:12
103.0,2.0,250.0,6.25,WARNING,2026-03-09 23:00:12
101.0,1.0,50.0,2.5,CRITICAL,2026-03-09 23:00:22
102.0,1.0,150.0,5.0,WARNING,2026-03-09 23:00:22
103.0,2.0,250.0,6.25,WARNING,2026-03-09 23:00:22
101.0,1.0,50.0,2.5,CRITICAL,2026-03-09 23:00:32
102.0,1.0,150.0,5.0,WARNING,2026-03-09 23:00:32
103.0,2.0,250.0,6.25,WARNING,2026-03-09 23:00:32
101.0,1.0,50.0,2.5,CRITICAL,2026-03-09 23:00:42
102.0,1.0,150.0,5.0,WARNING,2026-03-09 23:00:42
103.0,2.0,250.0,6.25,WARNING,2026-03-09 23:00:42
101.0,1.0,50.0,2.5,CRITICAL,2026-03-09 23:00:52
102.0,1.0,150.0,5.0,WARNING,2026-03-09 23:00:52
103.0,2.0,250.0,6.25,WARNING,2026-03-09 23:00:52
101.0,1.0,50.0,2.5,CRITICAL,2026-03-09 23:01:02
102.0,1.0,150.0,5.0,WARNING,2026-03-09 23:01:02
103.0,2.0,250.0,6.25,WARNING,2026-03-09 23:01:02
101.0,1.0,50.0,2.5,CRITICAL,2026-03-09 23:01:12
102.0,1.0,150.0,5.0,WARNING,2026-03-09 23:01:12
103.0,2.0,250.0,6.25,WARNING,2026-03-09 23:01:12
101.0,1.0,50.0,2.5,CRITICAL,2026-03-09 23:01:22
102.0,1.0,150.0,5.0,WARNING,2026-03-09 23:01:22
103.0,2.0,250.0,6.25,WARNING,2026-03-09 23:01:22
101.0,1.0,50.0,2.5,CRITICAL,2026-03-09 23:01:32
102.0,1.0,150.0,5.0,WARNING,2026-03-09 23:01:32
103.0,2.0,250.0,6.25,WARNING,2026-03-09 23:01:32
101.0,1.0,50.0,2.5,CRITICAL,2026-03-09 23:01:42
102.0,1.0,150.0,5.0,WARNING,2026-03-09 23:01:42
103.0,2.0,250.0,6.25,WARNING,2026-03-09 23:01:42
101.0,1.0,50.0,2.5,CRITICAL,2026-03-09 23:01:52
102.0,1.0,150.0,5.0,WARNING,2026-03-09 23:01:52
103.0,2.0,250.0,6.25,WARNING,2026-03-09 23:01:52
101.0,1.0,50.0,2.5,CRITICAL,2026-03-09 23:02:02
102.0,1.0,150.0,5.0,WARNING,2026-03-09 23:02:02
103.0,2.0,250.0,6.25,WARNING,2026-03-09 23:02:02
101.0,1.0,50.0,2.5,CRITICAL,2026-03-09 23:02:12
102.0,1.0,150.0,5.0,WARNING,2026-03-09 23:02:12
103.0,2.0,250.0,6.25,WARNING,2026-03-09 23:02:12
101.0,1.0,50.0,2.5,CRITICAL,2026-03-09 23:02:22
102.0,1.0,150.0,5.0,WARNING,2026-03-09 23:02:22
103.0,2.0,250.0,6.25,WARNING,2026-03-09 23:02:22
101.0,1.0,50.0,2.5,CRITICAL,2026-03-09 23:02:32
102.0,1.0,150.0,5.0,WARNING,2026-03-09 23:02:32
103.0,2.0,250.0,6.25,WARNING,2026-03-09 23:02:32
101.0,1.0,50.0,2.5,CRITICAL,2026-03-09 23:02:42
102.0,1.0,150.0,5.0,WARNING,2026-03-09 23:02:42
103.0,2.0,250.0,6.25,WARNING,2026-03-09 23:02:42
101.0,1.0,50.0,2.5,CRITICAL,2026-03-09 23:02:52
102.0,1.0,150.0,5.0,WARNING,2026-03-09 23:02:52
103.0,2.0,250.0,6.25,WARNING,2026-03-09 23:02:52
101.0,1.0,50.0,2.5,CRITICAL,2026-03-09 23:03:02
102.0,1.0,150.0,5.0,WARNING,2026-03-09 23:03:02
103.0,2.0,250.0,6.25,WARNING,2026-03-09 23:03:02
101.0,1.0,50.0,2.5,CRITICAL,2026-03-09 23:03:12
102.0,1.0,150.0,5.0,WARNING,2026-03-09 23:03:12
103.0,2.0,250.0,6.25,WARNING,2026-03-09 23:03:12
101.0,1.0,50.0,2.5,CRITICAL,2026-03-09 23:03:22
102.0,1.0,150.0,5.0,WARNING,2026-03-09 23:03:22
103.0,2.0,250.0,6.25,WARNING,2026-03-09 23:03:22
101.0,1.0,50.0,2.5,CRITICAL,2026-03-09 23:03:32
102.0,1.0,150.0,5.0,WARNING,2026-03-09 23:03:32
103.0,2.0,250.0,6.25,WARNING,2026-03-09 23:03:32
101.0,1.0,50.0,2.5,CRITICAL,2026-03-09 23:03:42
102.0,1.0,150.0,5.0,WARNING,2026-03-09 23:03:42
103.0,2.0,250.0,6.25,WARNING,2026-03-09 23:03:42
101.0,1.0,50.0,2.5,CRITICAL,2026-03-09 23:03:52
102.0,1.0,150.0,5.0,WARNING,2026-03-09 23:03:52
103.0,2.0,250.0,6.25,WARNING,2026-03-09 23:03:52
101.0,1.0,50.0,2.5,CRITICAL,2026-03-09 23:04:02
102.0,1.0,150.0,5.0,WARNING,2026-03-09 23:04:02
103.0,2.0,250.0,6.25,WARNING,2026-03-09 23:04:02
101.0,1.0,50.0,2.5,CRITICAL,2026-03-09 23:04:12
102.0,1.0,150.0,5.0,WARNING,2026-03-09 23:04:12
103.0,2.0,250.0,6.25,WARNING,2026-03-09 23:04:12
101.0,1.0,50.0,2.5,CRITICAL,2026-03-09 23:04:22
102.0,1.0,150.0,5.0,WARNING,2026-03-09 23:04:22
103.0,2.0,250.0,6.25,WARNING,2026-03-09 23:04:22
101.0,1.0,50.0,2.5,CRITICAL,2026-03-09 23:04:32
102.0,1.0,150.0,5.0,WARNING,2026-03-09 23:04:32
103.0,2.0,250.0,6.25,WARNING,2026-03-09 23:04:32
101.0,1.0,50.0,2.5,CRITICAL,2026-03-09 23:04:42
102.0,1.0,150.0,5.0,WARNING,2026-03-09 23:04:42
103.0,2.0,250.0,6.25,WARNING,2026-03-09 23:04:42
101.0,1.0,50.0,2.5,CRITICAL,2026-03-09 23:04:52
102.0,1.0,150.0,5.0,WARNING,2026-03-09 23:04:52
103.0,2.0,250.0,6.25,WARNING,2026-03-09 23:04:52
101.0,1.0,50.0,2.5,CRITICAL,2026-03-09 23:05:02
102.0,1.0,150.0,5.0,WARNING,2026-03-09 23:05:02
103.0,2.0,250.0,6.25,WARNING,2026-03-09 23:05:02
101.0,1.0,50.0,2.5,CRITICAL,2026-03-09 23:05:12
102.0,1.0,150.0,5.0,WARNING,2026-03-09 23:05:12
103.0,2.0,250.0,6.25,WARNING,2026-03-09 23:05:12
101.0,1.0,50.0,2.5,CRITICAL,2026-03-09 23:05:22
102.0,1.0,150.0,5.0,WARNING,2026-03-09 23:05:22
103.0,2.0,250.0,6.25,WARNING,2026-03-09 23:05:22
101.0,1.0,50.0,2.5,CRITICAL,2026-03-09 23:05:32
102.0,1.0,150.0,5.0,WARNING,2026-03-09 23:05:32
103.0,2.0,250.0,6.25,WARNING,2026-03-09 23:05:32
101.0,1.0,50.0,2.5,CRITICAL,2026-03-09 23:05:42
102.0,1.0,150.0,5.0,WARNING,2026-03-09 23:05:42
103.0,2.0,250.0,6.25,WARNING,2026-03-09 23:05:42
101.0,1.0,50.0,2.5,CRITICAL,2026-03-09 23:05:52
102.0,1.0,150.0,5.0,WARNING,2026-03-09 23:05:52
103.0,2.0,250.0,6.25,WARNING,2026-03-09 23:05:52
101.0,1.0,50.0,2.5,CRITICAL,2026-03-09 23:06:03
102.0,1.0,150.0,5.0,WARNING,2026-03-09 23:06:03
103.0,2.0,250.0,6.25,WARNING,2026-03-09 23:06:03
101.0,1.0,50.0,2.5,CRITICAL,2026-03-09 23:06:13
102.0,1.0,150.0,5.0,WARNING,2026-03-09 23:06:13
103.0,2.0,250.0,6.25,WARNING,2026-03-09 23:06:13
101.0,1.0,50.0,2.5,CRITICAL,2026-03-09 23:06:23
102.0,1.0,150.0,5.0,WARNING,2026-03-09 23:06:23
103.0,2.0,250.0,6.25,WARNING,2026-03-09 23:06:23
101.0,1.0,50.0,2.5,CRITICAL,2026-03-09 23:06:33
102.0,1.0,150.0,5.0,WARNING,2026-03-09 23:06:33
103.0,2.0,250.0,6.25,WARNING,2026-03-09 23:06:33
101.0,1.0,50.0,2.5,CRITICAL,2026-03-09 23:06:43
102.0,1.0,150.0,5.0,WARNING,2026-03-09 23:06:43
103.0,2.0,250.0,6.25,WARNING,2026-03-09 23:06:43
101.0,1.0,50.0,2.5,CRITICAL,2026-03-09 23:06:53
102.0,1.0,150.0,5.0,WARNING,2026-03-09 23:06:53
103.0,2.0,250.0,6.25,WARNING,2026-03-09 23:06:53
101.0,1.0,50.0,2.5,CRITICAL,2026-03-09 23:07:03
102.0,1.0,150.0,5.0,WARNING,2026-03-09 23:07:03
103.0,2.0,250.0,6.25,WARNING,2026-03-09 23:07:03
101.0,1.0,50.0,2.5,CRITICAL,2026-03-09 23:07:13
102.0,1.0,150.0,5.0,WARNING,2026-03-09 23:07:13
103.0,2.0,250.0,6.25,WARNING,2026-03-09 23:07:13
101.0,1.0,50.0,2.5,CRITICAL,2026-03-09 23:07:23
102.0,1.0,150.0,5.0,WARNING,2026-03-09 23:07:23
103.0,2.0,250.0,6.25,WARNING,2026-03-09 23:07:23
101.0,1.0,50.0,2.5,CRITICAL,2026-03-09 23:07:33
102.0,1.0,150.0,5.0,WARNING,2026-03-09 23:07:33
103.0,2.0,250.0,6.25,WARNING,2026-03-09 23:07:33
101.0,1.0,50.0,2.5,CRITICAL,2026-03-09 23:07:43
102.0,1.0,150.0,5.0,WARNING,2026-03-09 23:07:43
103.0,2.0,250.0,6.25,WARNING,2026-03-09 23:07:43
101.0,1.0,50.0,2.5,CRITICAL,2026-03-09 23:07:53
102.0,1.0,150.0,5.0,WARNING,2026-03-09 23:07:53
103.0,2.0,250.0,6.25,WARNING,2026-03-09 23:07:53
101.0,1.0,50.0,2.5,CRITICAL,2026-03-09 23:08:03
102.0,1.0,150.0,5.0,WARNING,2026-03-09 23:08:03
103.0,2.0,250.0,6.25,WARNING,2026-03-09 23:08:03
101.0,1.0,50.0,2.5,CRITICAL,2026-03-09 23:08:13
102.0,1.0,150.0,5.0,WARNING,2026-03-09 23:08:13
103.0,2.0,250.0,6.25,WARNING,2026-03-09 23:08:13
101.0,1.0,50.0,2.5,CRITICAL,2026-03-09 23:08:23
102.0,1.0,150.0,5.0,WARNING,2026-03-09 23:08:23
103.0,2.0,250.0,6.25,WARNING,2026-03-09 23:08:23
101.0,1.0,50.0,2.5,CRITICAL,2026-03-09 23:08:33
102.0,1.0,150.0,5.0,WARNING,2026-03-09 23:08:33
103.0,2.0,250.0,6.25,WARNING,2026-03-09 23:08:33
101.0,1.0,50.0,2.5,CRITICAL,2026-03-09 23:08:43
102.0,1.0,150.0,5.0,WARNING,2026-03-09 23:08:43
103.0,2.0,250.0,6.25,WARNING,2026-03-09 23:08:43
101.0,1.0,50.0,2.5,CRITICAL,2026-03-09 23:08:53
102.0,1.0,150.0,5.0,WARNING,2026-03-09 23:08:53
103.0,2.0,250.0,6.25,WARNING,2026-03-09 23:08:53
101.0,1.0,50.0,2.5,CRITICAL,2026-03-09 23:09:03
102.0,1.0,150.0,5.0,WARNING,2026-03-09 23:09:03
103.0,2.0,250.0,6.25,WARNING,2026-03-09 23:09:03
101.0,1.0,50.0,2.5,CRITICAL,2026-03-09 23:09:13
102.0,1.0,150.0,5.0,WARNING,2026-03-09 23:09:13
103.0,2.0,250.0,6.25,WARNING,2026-03-09 23:09:13
101.0,1.0,50.0,2.5,CRITICAL,2026-03-09 23:09:23
102.0,1.0,150.0,5.0,WARNING,2026-03-09 23:09:23
103.0,2.0,250.0,6.25,WARNING,2026-03-09 23:09:23
101.0,1.0,50.0,2.5,CRITICAL,2026-03-09 23:09:33
102.0,1.0,150.0,5.0,WARNING,2026-03-09 23:09:33
103.0,2.0,250.0,6.25,WARNING,2026-03-09 23:09:33
101.0,1.0,50.0,2.5,CRITICAL,2026-03-09 23:09:43
102.0,1.0,150.0,5.0,WARNING,2026-03-09 23:09:43
103.0,2.0,250.0,6.25,WARNING,2026-03-09 23:09:43
101.0,1.0,50.0,2.5,CRITICAL,2026-03-09 23:09:53
102.0,1.0,150.0,5.0,WARNING,2026-03-09 23:09:53
103.0,2.0,250.0,6.25,WARNING,2026-03-09 23:09:53
101.0,1.0,50.0,2.5,CRITICAL,2026-03-09 23:10:03
102.0,1.0,150.0,5.0,WARNING,2026-03-09 23:10:03
103.0,2.0,250.0,6.25,WARNING,2026-03-09 23:10:03
101.0,1.0,50.0,2.5,CRITICAL,2026-03-09 23:10:13
102.0,1.0,150.0,5.0,WARNING,2026-03-09 23:10:13
103.0,2.0,250.0,6.25,WARNING,2026-03-09 23:10:13
101.0,1.0,50.0,2.5,CRITICAL,2026-03-09 23:10:23
102.0,1.0,150.0,5.0,WARNING,2026-03-09 23:10:23
103.0,2.0,250.0,6.25,WARNING,2026-03-09 23:10:23
101.0,1.0,50.0,2.5,CRITICAL,2026-03-09 23:10:33
102.0,1.0,150.0,5.0,WARNING,2026-03-09 23:10:33
103.0,2.0,250.0,6.25,WARNING,2026-03-09 23:10:33
101.0,1.0,50.0,2.5,CRITICAL,2026-03-09 23:10:43
102.0,1.0,150.0,5.0,WARNING,2026-03-09 23:10:43
103.0,2.0,250.0,6.25,WARNING,2026-03-09 23:10:43
101.0,1.0,50.0,2.5,CRITICAL,2026-03-09 23:10:53
102.0,1.0,150.0,5.0,WARNING,2026-03-09 23:10:53
103.0,2.0,250.0,6.25,WARNING,2026-03-09 23:10:53
101.0,1.0,50.0,2.5,CRITICAL,2026-03-09 23:11:03
102.0,1.0,150.0,5.0,WARNING,2026-03-09 23:11:03
103.0,2.0,250.0,6.25,WARNING,2026-03-09 23:11:03
101.0,1.0,50.0,2.5,CRITICAL,2026-03-09 23:11:13
102.0,1.0,150.0,5.0,WARNING,2026-03-09 23:11:13
103.0,2.0,250.0,6.25,WARNING,2026-03-09 23:11:13
101.0,1.0,50.0,2.5,CRITICAL,2026-03-09 23:11:23
102.0,1.0,150.0,5.0,WARNING,2026-03-09 23:11:23
103.0,2.0,250.0,6.25,WARNING,2026-03-09 23:11:23
101.0,1.0,50.0,2.5,CRITICAL,2026-03-09 23:11:33
102.0,1.0,150.0,5.0,WARNING,2026-03-09 23:11:33
103.0,2.0,250.0,6.25,WARNING,2026-03-09 23:11:33
101.0,1.0,50.0,2.5,CRITICAL,2026-03-09 23:11:43
102.0,1.0,150.0,5.0,WARNING,2026-03-09 23:11:43
103.0,2.0,250.0,6.25,WARNING,2026-03-09 23:11:43
101.0,1.0,50.0,2.5,CRITICAL,2026-03-09 23:11:53
102.0,1.0,150.0,5.0,WARNING,2026-03-09 23:11:53
103.0,2.0,250.0,6.25,WARNING,2026-03-09 23:11:53
101.0,1.0,50.0,2.5,CRITICAL,2026-03-09 23:12:04
102.0,1.0,150.0,5.0,WARNING,2026-03-09 23:12:04
103.0,2.0,250.0,6.25,WARNING,2026-03-09 23:12:04
101.0,1.0,50.0,2.5,CRITICAL,2026-03-09 23:12:14
102.0,1.0,150.0,5.0,WARNING,2026-03-09 23:12:14
103.0,2.0,250.0,6.25,WARNING,2026-03-09 23:12:14
101.0,1.0,50.0,2.5,CRITICAL,2026-03-09 23:12:24
102.0,1.0,150.0,5.0,WARNING,2026-03-09 23:12:24
103.0,2.0,250.0,6.25,WARNING,2026-03-09 23:12:24
101.0,1.0,50.0,2.5,CRITICAL,2026-03-09 23:12:34
102.0,1.0,150.0,5.0,WARNING,2026-03-09 23:12:34
103.0,2.0,250.0,6.25,WARNING,2026-03-09 23:12:34
101.0,1.0,50.0,2.5,CRITICAL,2026-03-09 23:12:44
102.0,1.0,150.0,5.0,WARNING,2026-03-09 23:12:44
103.0,2.0,250.0,6.25,WARNING,2026-03-09 23:12:44
101.0,1.0,50.0,2.5,CRITICAL,2026-03-09 23:12:54
102.0,1.0,150.0,5.0,WARNING,2026-03-09 23:12:54
103.0,2.0,250.0,6.25,WARNING,2026-03-09 23:12:54
101.0,1.0,50.0,2.5,CRITICAL,2026-03-09 23:13:04
102.0,1.0,150.0,5.0,WARNING,2026-03-09 23:13:04
103.0,2.0,250.0,6.25,WARNING,2026-03-09 23:13:04
101.0,1.0,50.0,2.5,CRITICAL,2026-03-09 23:13:14
102.0,1.0,150.0,5.0,WARNING,2026-03-09 23:13:14
103.0,2.0,250.0,6.25,WARNING,2026-03-09 23:13:14
101.0,1.0,50.0,2.5,CRITICAL,2026-03-09 23:13:24
102.0,1.0,150.0,5.0,WARNING,2026-03-09 23:13:24
103.0,2.0,250.0,6.25,WARNING,2026-03-09 23:13:24
101.0,1.0,50.0,2.5,CRITICAL,2026-03-09 23:13:34
102.0,1.0,150.0,5.0,WARNING,2026-03-09 23:13:34
103.0,2.0,250.0,6.25,WARNING,2026-03-09 23:13:34
101.0,1.0,50.0,2.5,CRITICAL,2026-03-09 23:13:44
102.0,1.0,150.0,5.0,WARNING,2026-03-09 23:13:44
103.0,2.0,250.0,6.25,WARNING,2026-03-09 23:13:44
101.0,1.0,50.0,2.5,CRITICAL,2026-03-09 23:13:54
102.0,1.0,150.0,5.0,WARNING,2026-03-09 23:13:54
103.0,2.0,250.0,6.25,WARNING,2026-03-09 23:13:54
101.0,1.0,50.0,2.5,CRITICAL,2026-03-09 23:14:04
102.0,1.0,150.0,5.0,WARNING,2026-03-09 23:14:04
103.0,2.0,250.0,6.25,WARNING,2026-03-09 23:14:04
101.0,1.0,50.0,2.5,CRITICAL,2026-03-09 23:14:14
102.0,1.0,150.0,5.0,WARNING,2026-03-09 23:14:14
103.0,2.0,250.0,6.25,WARNING,2026-03-09 23:14:14
101.0,1.0,50.0,2.5,CRITICAL,2026-03-09 23:14:24
102.0,1.0,150.0,5.0,WARNING,2026-03-09 23:14:24
103.0,2.0,250.0,6.25,WARNING,2026-03-09 23:14:24
101.0,1.0,50.0,2.5,CRITICAL,2026-03-09 23:14:34
102.0,1.0,150.0,5.0,WARNING,2026-03-09 23:14:34
103.0,2.0,250.0,6.25,WARNING,2026-03-09 23:14:34
101.0,1.0,50.0,2.5,CRITICAL,2026-03-09 23:14:44
102.0,1.0,150.0,5.0,WARNING,2026-03-09 23:14:44
103.0,2.0,250.0,6.25,WARNING,2026-03-09 23:14:44
101.0,1.0,50.0,2.5,CRITICAL,2026-03-09 23:14:54
102.0,1.0,150.0,5.0,WARNING,2026-03-09 23:14:54
103.0,2.0,250.0,6.25,WARNING,2026-03-09 23:14:54
101.0,1.0,50.0,2.5,CRITICAL,2026-03-09 23:15:04
102.0,1.0,150.0,5.0,WARNING,2026-03-09 23:15:04
103.0,2.0,250.0,6.25,WARNING,2026-03-09 23:15:04
101.0,1.0,50.0,2.5,CRITICAL,2026-03-09 23:15:14
102.0,1.0,150.0,5.0,WARNING,2026-03-09 23:15:14
103.0,2.0,250.0,6.25,WARNING,2026-03-09 23:15:14
101.0,1.0,50.0,2.5,CRITICAL,2026-03-09 23:15:24
102.0,1.0,150.0,5.0,WARNING,2026-03-09 23:15:24
103.0,2.0,250.0,6.25,WARNING,2026-03-09 23:15:24
101.0,1.0,50.0,2.5,CRITICAL,2026-03-09 23:15:34
102.0,1.0,150.0,5.0,WARNING,2026-03-09 23:15:34
103.0,2.0,250.0,6.25,WARNING,2026-03-09 23:15:34
101.0,1.0,50.0,2.5,CRITICAL,2026-03-09 23:15:44
102.0,1.0,150.0,5.0,WARNING,2026-03-09 23:15:44
103.0,2.0,250.0,6.25,WARNING,2026-03-09 23:15:44
101.0,1.0,50.0,2.5,CRITICAL,2026-03-09 23:15:54
102.0,1.0,150.0,5.0,WARNING,2026-03-09 23:15:54
103.0,2.0,250.0,6.25,WARNING,2026-03-09 23:15:54
101.0,1.0,50.0,2.5,CRITICAL,2026-03-09 23:16:04
102.0,1.0,150.0,5.0,WARNING,2026-03-09 23:16:04
103.0,2.0,250.0,6.25,WARNING,2026-03-09 23:16:04
101.0,1.0,50.0,2.5,CRITICAL,2026-03-09 23:16:14
102.0,1.0,150.0,5.0,WARNING,2026-03-09 23:16:14
103.0,2.0,250.0,6.25,WARNING,2026-03-09 23:16:14
101.0,1.0,50.0,2.5,CRITICAL,2026-03-09 23:16:24
102.0,1.0,150.0,5.0,WARNING,2026-03-09 23:16:24
103.0,2.0,250.0,6.25,WARNING,2026-03-09 23:16:24
101.0,1.0,50.0,2.5,CRITICAL,2026-03-09 23:16:35
102.0,1.0,150.0,5.0,WARNING,2026-03-09 23:16:35
103.0,2.0,250.0,6.25,WARNING,2026-03-09 23:16:35
101.0,1.0,50.0,2.5,CRITICAL,2026-03-09 23:16:45
102.0,1.0,150.0,5.0,WARNING,2026-03-09 23:16:45
103.0,2.0,250.0,6.25,WARNING,2026-03-09 23:16:45
101.0,1.0,50.0,2.5,CRITICAL,2026-03-09 23:16:55
102.0,1.0,150.0,5.0,WARNING,2026-03-09 23:16:55
103.0,2.0,250.0,6.25,WARNING,2026-03-09 23:16:55
101.0,1.0,50.0,2.5,CRITICAL,2026-03-09 23:17:05
102.0,1.0,150.0,5.0,WARNING,2026-03-09 23:17:05
103.0,2.0,250.0,6.25,WARNING,2026-03-09 23:17:05
101.0,1.0,50.0,2.5,CRITICAL,2026-03-09 23:17:15
102.0,1.0,150.0,5.0,WARNING,2026-03-09 23:17:15
103.0,2.0,250.0,6.25,WARNING,2026-03-09 23:17:15
101.0,1.0,50.0,2.5,CRITICAL,2026-03-09 23:17:25
102.0,1.0,150.0,5.0,WARNING,2026-03-09 23:17:25
103.0,2.0,250.0,6.25,WARNING,2026-03-09 23:17:25
101.0,1.0,50.0,2.5,CRITICAL,2026-03-09 23:17:35
102.0,1.0,150.0,5.0,WARNING,2026-03-09 23:17:35
103.0,2.0,250.0,6.25,WARNING,2026-03-09 23:17:35
101.0,1.0,50.0,2.5,CRITICAL,2026-03-09 23:17:45
102.0,1.0,150.0,5.0,WARNING,2026-03-09 23:17:45
103.0,2.0,250.0,6.25,WARNING,2026-03-09 23:17:45
101.0,1.0,50.0,2.5,CRITICAL,2026-03-09 23:17:55
102.0,1.0,150.0,5.0,WARNING,2026-03-09 23:17:55
103.0,2.0,250.0,6.25,WARNING,2026-03-09 23:17:55
101.0,1.0,50.0,2.5,CRITICAL,2026-03-09 23:18:05
102.0,1.0,150.0,5.0,WARNING,2026-03-09 23:18:05
103.0,2.0,250.0,6.25,WARNING,2026-03-09 23:18:05
101.0,1.0,50.0,2.5,CRITICAL,2026-03-09 23:18:15
102.0,1.0,150.0,5.0,WARNING,2026-03-09 23:18:15
103.0,2.0,250.0,6.25,WARNING,2026-03-09 23:18:15
101.0,1.0,50.0,2.5,CRITICAL,2026-03-09 23:18:25
102.0,1.0,150.0,5.0,WARNING,2026-03-09 23:18:25
103.0,2.0,250.0,6.25,WARNING,2026-03-09 23:18:25
101.0,1.0,50.0,2.5,CRITICAL,2026-03-09 23:18:35
102.0,1.0,150.0,5.0,WARNING,2026-03-09 23:18:35
103.0,2.0,250.0,6.25,WARNING,2026-03-09 23:18:35
101.0,1.0,50.0,2.5,CRITICAL,2026-03-09 23:18:45
102.0,1.0,150.0,5.0,WARNING,2026-03-09 23:18:45
103.0,2.0,250.0,6.25,WARNING,2026-03-09 23:18:45
101.0,1.0,50.0,2.5,CRITICAL,2026-03-09 23:18:55
102.0,1.0,150.0,5.0,WARNING,2026-03-09 23:18:55
103.0,2.0,250.0,6.25,WARNING,2026-03-09 23:18:55
101.0,1.0,50.0,2.5,CRITICAL,2026-03-09 23:19:05
102.0,1.0,150.0,5.0,WARNING,2026-03-09 23:19:05
103.0,2.0,250.0,6.25,WARNING,2026-03-09 23:19:05
101.0,1.0,50.0,2.5,CRITICAL,2026-03-09 23:19:15
102.0,1.0,150.0,5.0,WARNING,2026-03-09 23:19:15
103.0,2.0,250.0,6.25,WARNING,2026-03-09 23:19:15
101.0,1.0,50.0,2.5,CRITICAL,2026-03-09 23:19:25
102.0,1.0,150.0,5.0,WARNING,2026-03-09 23:19:25
103.0,2.0,250.0,6.25,WARNING,2026-03-09 23:19:25
101.0,1.0,50.0,2.5,CRITICAL,2026-03-09 23:19:35
102.0,1.0,150.0,5.0,WARNING,2026-03-09 23:19:35
103.0,2.0,250.0,6.25,WARNING,2026-03-09 23:19:35
101.0,1.0,50.0,2.5,CRITICAL,2026-03-09 23:19:45
102.0,1.0,150.0,5.0,WARNING,2026-03-09 23:19:45
103.0,2.0,250.0,6.25,WARNING,2026-03-09 23:19:45
101.0,1.0,50.0,2.5,CRITICAL,2026-03-09 23:19:55
102.0,1.0,150.0,5.0,WARNING,2026-03-09 23:19:55
103.0,2.0,250.0,6.25,WARNING,2026-03-09 23:19:55
101.0,1.0,50.0,2.5,CRITICAL,2026-03-09 23:20:05
102.0,1.0,150.0,5.0,WARNING,2026-03-09 23:20:05
103.0,2.0,250.0,6.25,WARNING,2026-03-09 23:20:05
101.0,1.0,50.0,2.5,CRITICAL,2026-03-09 23:20:15
102.0,1.0,150.0,5.0,WARNING,2026-03-09 23:20:15
103.0,2.0,250.0,6.25,WARNING,2026-03-09 23:20:15
101.0,1.0,50.0,2.5,CRITICAL,2026-03-09 23:20:25
102.0,1.0,150.0,5.0,WARNING,2026-03-09 23:20:25
103.0,2.0,250.0,6.25,WARNING,2026-03-09 23:20:25
101.0,1.0,50.0,2.5,CRITICAL,2026-03-09 23:20:35
102.0,1.0,150.0,5.0,WARNING,2026-03-09 23:20:35
103.0,2.0,250.0,6.25,WARNING,2026-03-09 23:20:35
101.0,1.0,50.0,2.5,CRITICAL,2026-03-09 23:20:45
102.0,1.0,150.0,5.0,WARNING,2026-03-09 23:20:45
103.0,2.0,250.0,6.25,WARNING,2026-03-09 23:20:45
101.0,1.0,50.0,2.5,CRITICAL,2026-03-09 23:20:56
102.0,1.0,150.0,5.0,WARNING,2026-03-09 23:20:56
103.0,2.0,250.0,6.25,WARNING,2026-03-09 23:20:56
101.0,1.0,50.0,2.5,CRITICAL,2026-03-09 23:21:06
102.0,1.0,150.0,5.0,WARNING,2026-03-09 23:21:06
103.0,2.0,250.0,6.25,WARNING,2026-03-09 23:21:06
101.0,1.0,50.0,2.5,CRITICAL,2026-03-09 23:21:16
102.0,1.0,150.0,5.0,WARNING,2026-03-09 23:21:16
103.0,2.0,250.0,6.25,WARNING,2026-03-09 23:21:16
101.0,1.0,50.0,2.5,CRITICAL,2026-03-09 23:21:26
102.0,1.0,150.0,5.0,WARNING,2026-03-09 23:21:26
103.0,2.0,250.0,6.25,WARNING,2026-03-09 23:21:26
101.0,1.0,50.0,2.5,CRITICAL,2026-03-09 23:21:36
102.0,1.0,150.0,5.0,WARNING,2026-03-09 23:21:36
103.0,2.0,250.0,6.25,WARNING,2026-03-09 23:21:36
101.0,1.0,50.0,2.5,CRITICAL,2026-03-09 23:21:46
102.0,1.0,150.0,5.0,WARNING,2026-03-09 23:21:46
103.0,2.0,250.0,6.25,WARNING,2026-03-09 23:21:46
101.0,1.0,50.0,2.5,CRITICAL,2026-03-09 23:21:56
102.0,1.0,150.0,5.0,WARNING,2026-03-09 23:21:56
103.0,2.0,250.0,6.25,WARNING,2026-03-09 23:21:56
101.0,1.0,50.0,2.5,CRITICAL,2026-03-09 23:22:06
102.0,1.0,150.0,5.0,WARNING,2026-03-09 23:22:06
103.0,2.0,250.0,6.25,WARNING,2026-03-09 23:22:06
101.0,1.0,50.0,2.5,CRITICAL,2026-03-09 23:22:16
102.0,1.0,150.0,5.0,WARNING,2026-03-09 23:22:16
103.0,2.0,250.0,6.25,WARNING,2026-03-09 23:22:16
101.0,1.0,50.0,2.5,CRITICAL,2026-03-09 23:22:27
102.0,1.0,150.0,5.0,WARNING,2026-03-09 23:22:27
103.0,2.0,250.0,6.25,WARNING,2026-03-09 23:22:27
101.0,1.0,50.0,2.5,CRITICAL,2026-03-09 23:22:38
102.0,1.0,150.0,5.0,WARNING,2026-03-09 23:22:38
103.0,2.0,250.0,6.25,WARNING,2026-03-09 23:22:38
101.0,1.0,50.0,2.5,CRITICAL,2026-03-09 23:22:48
102.0,1.0,150.0,5.0,WARNING,2026-03-09 23:22:48
103.0,2.0,250.0,6.25,WARNING,2026-03-09 23:22:48
101.0,1.0,50.0,2.5,CRITICAL,2026-03-09 23:22:58
102.0,1.0,150.0,5.0,WARNING,2026-03-09 23:22:58
103.0,2.0,250.0,6.25,WARNING,2026-03-09 23:22:58
101.0,1.0,50.0,2.5,CRITICAL,2026-03-09 23:23:08
102.0,1.0,150.0,5.0,WARNING,2026-03-09 23:23:08
103.0,2.0,250.0,6.25,WARNING,2026-03-09 23:23:08
101.0,1.0,50.0,2.5,CRITICAL,2026-03-09 23:23:18
102.0,1.0,150.0,5.0,WARNING,2026-03-09 23:23:18
103.0,2.0,250.0,6.25,WARNING,2026-03-09 23:23:18
101.0,1.0,50.0,2.5,CRITICAL,2026-03-09 23:23:28
102.0,1.0,150.0,5.0,WARNING,2026-03-09 23:23:28
103.0,2.0,250.0,6.25,WARNING,2026-03-09 23:23:28
101.0,1.0,50.0,2.5,CRITICAL,2026-03-09 23:23:38
102.0,1.0,150.0,5.0,WARNING,2026-03-09 23:23:38
103.0,2.0,250.0,6.25,WARNING,2026-03-09 23:23:38
101.0,1.0,50.0,2.5,CRITICAL,2026-03-09 23:23:48
102.0,1.0,150.0,5.0,WARNING,2026-03-09 23:23:48
103.0,2.0,250.0,6.25,WARNING,2026-03-09 23:23:48
101.0,1.0,50.0,2.5,CRITICAL,2026-03-09 23:23:58
102.0,1.0,150.0,5.0,WARNING,2026-03-09 23:23:58
103.0,2.0,250.0,6.25,WARNING,2026-03-09 23:23:58
101.0,1.0,50.0,2.5,CRITICAL,2026-03-09 23:24:09
102.0,1.0,150.0,5.0,WARNING,2026-03-09 23:24:09
103.0,2.0,250.0,6.25,WARNING,2026-03-09 23:24:09
101.0,1.0,50.0,2.5,CRITICAL,2026-03-09 23:24:19
102.0,1.0,150.0,5.0,WARNING,2026-03-09 23:24:19
103.0,2.0,250.0,6.25,WARNING,2026-03-09 23:24:19
101.0,1.0,50.0,2.5,CRITICAL,2026-03-09 23:24:29
102.0,1.0,150.0,5.0,WARNING,2026-03-09 23:24:29
103.0,2.0,250.0,6.25,WARNING,2026-03-09 23:24:29
101.0,1.0,50.0,2.5,CRITICAL,2026-03-09 23:24:39
102.0,1.0,150.0,5.0,WARNING,2026-03-09 23:24:39
103.0,2.0,250.0,6.25,WARNING,2026-03-09 23:24:39
101.0,1.0,50.0,2.5,CRITICAL,2026-03-09 23:24:49
102.0,1.0,150.0,5.0,WARNING,2026-03-09 23:24:49
103.0,2.0,250.0,6.25,WARNING,2026-03-09 23:24:49
101.0,1.0,50.0,2.5,CRITICAL,2026-03-09 23:24:59
102.0,1.0,150.0,5.0,WARNING,2026-03-09 23:24:59
103.0,2.0,250.0,6.25,WARNING,2026-03-09 23:24:59
101.0,1.0,50.0,2.5,CRITICAL,2026-03-09 23:25:09
102.0,1.0,150.0,5.0,WARNING,2026-03-09 23:25:09
103.0,2.0,250.0,6.25,WARNING,2026-03-09 23:25:09
101.0,1.0,50.0,2.5,CRITICAL,2026-03-09 23:25:19
102.0,1.0,150.0,5.0,WARNING,2026-03-09 23:25:19
103.0,2.0,250.0,6.25,WARNING,2026-03-09 23:25:19
101.0,1.0,50.0,2.5,CRITICAL,2026-03-09 23:25:29
102.0,1.0,150.0,5.0,WARNING,2026-03-09 23:25:29
103.0,2.0,250.0,6.25,WARNING,2026-03-09 23:25:29
101.0,1.0,50.0,2.5,CRITICAL,2026-03-09 23:25:39
102.0,1.0,150.0,5.0,WARNING,2026-03-09 23:25:39
103.0,2.0,250.0,6.25,WARNING,2026-03-09 23:25:39
101.0,1.0,50.0,2.5,CRITICAL,2026-03-09 23:25:49
102.0,1.0,150.0,5.0,WARNING,2026-03-09 23:25:49
103.0,2.0,250.0,6.25,WARNING,2026-03-09 23:25:49
101.0,1.0,50.0,2.5,CRITICAL,2026-03-09 23:25:59
102.0,1.0,150.0,5.0,WARNING,2026-03-09 23:25:59
103.0,2.0,250.0,6.25,WARNING,2026-03-09 23:25:59
101.0,1.0,50.0,2.5,CRITICAL,2026-03-09 23:26:09
102.0,1.0,150.0,5.0,WARNING,2026-03-09 23:26:09
103.0,2.0,250.0,6.25,WARNING,2026-03-09 23:26:09
101.0,1.0,50.0,2.5,CRITICAL,2026-03-09 23:26:19
102.0,1.0,150.0,5.0,WARNING,2026-03-09 23:26:19
103.0,2.0,250.0,6.25,WARNING,2026-03-09 23:26:19
101.0,1.0,50.0,2.5,CRITICAL,2026-03-09 23:26:29
102.0,1.0,150.0,5.0,WARNING,2026-03-09 23:26:29
103.0,2.0,250.0,6.25,WARNING,2026-03-09 23:26:29
101.0,1.0,50.0,2.5,CRITICAL,2026-03-09 23:26:39
102.0,1.0,150.0,5.0,WARNING,2026-03-09 23:26:39
103.0,2.0,250.0,6.25,WARNING,2026-03-09 23:26:39
101.0,1.0,50.0,2.5,CRITICAL,2026-03-09 23:26:49
102.0,1.0,150.0,5.0,WARNING,2026-03-09 23:26:49
103.0,2.0,250.0,6.25,WARNING,2026-03-09 23:26:49
101.0,1.0,50.0,2.5,CRITICAL,2026-03-09 23:27:00
102.0,1.0,150.0,5.0,WARNING,2026-03-09 23:27:00
103.0,2.0,250.0,6.25,WARNING,2026-03-09 23:27:00
101.0,1.0,50.0,2.5,CRITICAL,2026-03-09 23:27:10
102.0,1.0,150.0,5.0,WARNING,2026-03-09 23:27:10
103.0,2.0,250.0,6.25,WARNING,2026-03-09 23:27:10
101.0,1.0,50.0,2.5,CRITICAL,2026-03-09 23:27:20
102.0,1.0,150.0,5.0,WARNING,2026-03-09 23:27:20
103.0,2.0,250.0,6.25,WARNING,2026-03-09 23:27:20
101.0,1.0,50.0,2.5,CRITICAL,2026-03-09 23:27:30
102.0,1.0,150.0,5.0,WARNING,2026-03-09 23:27:30
103.0,2.0,250.0,6.25,WARNING,2026-03-09 23:27:30
101.0,1.0,50.0,2.5,CRITICAL,2026-03-09 23:27:40
102.0,1.0,150.0,5.0,WARNING,2026-03-09 23:27:40
103.0,2.0,250.0,6.25,WARNING,2026-03-09 23:27:40
101.0,1.0,50.0,2.5,CRITICAL,2026-03-09 23:27:50
102.0,1.0,150.0,5.0,WARNING,2026-03-09 23:27:50
103.0,2.0,250.0,6.25,WARNING,2026-03-09 23:27:50
101.0,1.0,50.0,2.5,CRITICAL,2026-03-09 23:28:00
102.0,1.0,150.0,5.0,WARNING,2026-03-09 23:28:00
103.0,2.0,250.0,6.25,WARNING,2026-03-09 23:28:00
101.0,1.0,50.0,2.5,CRITICAL,2026-03-09 23:28:10
102.0,1.0,150.0,5.0,WARNING,2026-03-09 23:28:10
103.0,2.0,250.0,6.25,WARNING,2026-03-09 23:28:10
101.0,1.0,50.0,2.5,CRITICAL,2026-03-09 23:28:21
102.0,1.0,150.0,5.0,WARNING,2026-03-09 23:28:21
103.0,2.0,250.0,6.25,WARNING,2026-03-09 23:28:21
101.0,1.0,50.0,2.5,CRITICAL,2026-03-09 23:28:31
102.0,1.0,150.0,5.0,WARNING,2026-03-09 23:28:31
103.0,2.0,250.0,6.25,WARNING,2026-03-09 23:28:31
101.0,1.0,50.0,2.5,CRITICAL,2026-03-09 23:28:41
102.0,1.0,150.0,5.0,WARNING,2026-03-09 23:28:41
103.0,2.0,250.0,6.25,WARNING,2026-03-09 23:28:41
101.0,1.0,50.0,2.5,CRITICAL,2026-03-09 23:28:51
102.0,1.0,150.0,5.0,WARNING,2026-03-09 23:28:51
103.0,2.0,250.0,6.25,WARNING,2026-03-09 23:28:51
101.0,1.0,50.0,2.5,CRITICAL,2026-03-09 23:29:02
102.0,1.0,150.0,5.0,WARNING,2026-03-09 23:29:02
103.0,2.0,250.0,6.25,WARNING,2026-03-09 23:29:02
101.0,1.0,50.0,2.5,CRITICAL,2026-03-09 23:29:12
102.0,1.0,150.0,5.0,WARNING,2026-03-09 23:29:12
103.0,2.0,250.0,6.25,WARNING,2026-03-09 23:29:12
101.0,1.0,50.0,2.5,CRITICAL,2026-03-09 23:29:22
102.0,1.0,150.0,5.0,WARNING,2026-03-09 23:29:22
103.0,2.0,250.0,6.25,WARNING,2026-03-09 23:29:22
101.0,1.0,50.0,2.5,CRITICAL,2026-03-09 23:29:32
102.0,1.0,150.0,5.0,WARNING,2026-03-09 23:29:32
103.0,2.0,250.0,6.25,WARNING,2026-03-09 23:29:32
101.0,1.0,50.0,2.5,CRITICAL,2026-03-09 23:29:42
102.0,1.0,150.0,5.0,WARNING,2026-03-09 23:29:42
103.0,2.0,250.0,6.25,WARNING,2026-03-09 23:29:42
101.0,1.0,50.0,2.5,CRITICAL,2026-03-09 23:29:52
102.0,1.0,150.0,5.0,WARNING,2026-03-09 23:29:52
103.0,2.0,250.0,6.25,WARNING,2026-03-09 23:29:52
101.0,1.0,50.0,2.5,CRITICAL,2026-03-09 23:30:02
102.0,1.0,150.0,5.0,WARNING,2026-03-09 23:30:02
103.0,2.0,250.0,6.25,WARNING,2026-03-09 23:30:02
101.0,1.0,50.0,2.5,CRITICAL,2026-03-09 23:30:12
102.0,1.0,150.0,5.0,WARNING,2026-03-09 23:30:12
103.0,2.0,250.0,6.25,WARNING,2026-03-09 23:30:12
101.0,1.0,50.0,2.5,CRITICAL,2026-03-09 23:30:22
102.0,1.0,150.0,5.0,WARNING,2026-03-09 23:30:22
103.0,2.0,250.0,6.25,WARNING,2026-03-09 23:30:22
101.0,1.0,50.0,2.5,CRITICAL,2026-03-09 23:30:32
102.0,1.0,150.0,5.0,WARNING,2026-03-09 23:30:32
103.0,2.0,250.0,6.25,WARNING,2026-03-09 23:30:32
101.0,1.0,50.0,2.5,CRITICAL,2026-03-09 23:30:42
102.0,1.0,150.0,5.0,WARNING,2026-03-09 23:30:42
103.0,2.0,250.0,6.25,WARNING,2026-03-09 23:30:42
101.0,1.0,50.0,2.5,CRITICAL,2026-03-09 23:30:52
102.0,1.0,150.0,5.0,WARNING,2026-03-09 23:30:52
103.0,2.0,250.0,6.25,WARNING,2026-03-09 23:30:52
101.0,1.0,50.0,2.5,CRITICAL,2026-03-09 23:31:03
102.0,1.0,150.0,5.0,WARNING,2026-03-09 23:31:03
103.0,2.0,250.0,6.25,WARNING,2026-03-09 23:31:03
101.0,1.0,50.0,2.5,CRITICAL,2026-03-09 23:31:13
102.0,1.0,150.0,5.0,WARNING,2026-03-09 23:31:13
103.0,2.0,250.0,6.25,WARNING,2026-03-09 23:31:13
101.0,1.0,50.0,2.5,CRITICAL,2026-03-09 23:31:23
102.0,1.0,150.0,5.0,WARNING,2026-03-09 23:31:23
103.0,2.0,250.0,6.25,WARNING,2026-03-09 23:31:23
101.0,1.0,50.0,2.5,CRITICAL,2026-03-09 23:31:33
102.0,1.0,150.0,5.0,WARNING,2026-03-09 23:31:33
103.0,2.0,250.0,6.25,WARNING,2026-03-09 23:31:33
101.0,1.0,50.0,2.5,CRITICAL,2026-03-09 23:31:43
102.0,1.0,150.0,5.0,WARNING,2026-03-09 23:31:43
103.0,2.0,250.0,6.25,WARNING,2026-03-09 23:31:43
101.0,1.0,50.0,2.5,CRITICAL,2026-03-09 23:31:53
102.0,1.0,150.0,5.0,WARNING,2026-03-09 23:31:53
103.0,2.0,250.0,6.25,WARNING,2026-03-09 23:31:53
101.0,1.0,50.0,2.5,CRITICAL,2026-03-09 23:32:03
102.0,1.0,150.0,5.0,WARNING,2026-03-09 23:32:03
103.0,2.0,250.0,6.25,WARNING,2026-03-09 23:32:03
101.0,1.0,50.0,2.5,CRITICAL,2026-03-09 23:32:13
102.0,1.0,150.0,5.0,WARNING,2026-03-09 23:32:13
103.0,2.0,250.0,6.25,WARNING,2026-03-09 23:32:13
101.0,1.0,50.0,2.5,CRITICAL,2026-03-09 23:32:23
102.0,1.0,150.0,5.0,WARNING,2026-03-09 23:32:23
103.0,2.0,250.0,6.25,WARNING,2026-03-09 23:32:23
101.0,1.0,50.0,2.5,CRITICAL,2026-03-09 23:32:33
102.0,1.0,150.0,5.0,WARNING,2026-03-09 23:32:33
103.0,2.0,250.0,6.25,WARNING,2026-03-09 23:32:33
101.0,1.0,50.0,2.5,CRITICAL,2026-03-09 23:32:43
102.0,1.0,150.0,5.0,WARNING,2026-03-09 23:32:43
103.0,2.0,250.0,6.25,WARNING,2026-03-09 23:32:43
101.0,1.0,50.0,2.5,CRITICAL,2026-03-09 23:32:53
102.0,1.0,150.0,5.0,WARNING,2026-03-09 23:32:53
103.0,2.0,250.0,6.25,WARNING,2026-03-09 23:32:53
101.0,1.0,50.0,2.5,CRITICAL,2026-03-09 23:33:03
102.0,1.0,150.0,5.0,WARNING,2026-03-09 23:33:03
103.0,2.0,250.0,6.25,WARNING,2026-03-09 23:33:03
101.0,1.0,50.0,2.5,CRITICAL,2026-03-09 23:33:13
102.0,1.0,150.0,5.0,WARNING,2026-03-09 23:33:13
103.0,2.0,250.0,6.25,WARNING,2026-03-09 23:33:13
101.0,1.0,50.0,2.5,CRITICAL,2026-03-09 23:33:23
102.0,1.0,150.0,5.0,WARNING,2026-03-09 23:33:23
103.0,2.0,250.0,6.25,WARNING,2026-03-09 23:33:23
101.0,1.0,50.0,2.5,CRITICAL,2026-03-09 23:33:33
102.0,1.0,150.0,5.0,WARNING,2026-03-09 23:33:33
103.0,2.0,250.0,6.25,WARNING,2026-03-09 23:33:33
101.0,1.0,50.0,2.5,CRITICAL,2026-03-09 23:33:43
102.0,1.0,150.0,5.0,WARNING,2026-03-09 23:33:43
103.0,2.0,250.0,6.25,WARNING,2026-03-09 23:33:43
101.0,1.0,50.0,2.5,CRITICAL,2026-03-09 23:33:53
102.0,1.0,150.0,5.0,WARNING,2026-03-09 23:33:53
103.0,2.0,250.0,6.25,WARNING,2026-03-09 23:33:53
101.0,1.0,50.0,2.5,CRITICAL,2026-03-09 23:34:03
102.0,1.0,150.0,5.0,WARNING,2026-03-09 23:34:03
103.0,2.0,250.0,6.25,WARNING,2026-03-09 23:34:03
101.0,1.0,50.0,2.5,CRITICAL,2026-03-09 23:34:14
102.0,1.0,150.0,5.0,WARNING,2026-03-09 23:34:14
103.0,2.0,250.0,6.25,WARNING,2026-03-09 23:34:14
101.0,1.0,50.0,2.5,CRITICAL,2026-03-09 23:34:24
102.0,1.0,150.0,5.0,WARNING,2026-03-09 23:34:24
103.0,2.0,250.0,6.25,WARNING,2026-03-09 23:34:24
101.0,1.0,50.0,2.5,CRITICAL,2026-03-09 23:34:34
102.0,1.0,150.0,5.0,WARNING,2026-03-09 23:34:34
103.0,2.0,250.0,6.25,WARNING,2026-03-09 23:34:34
101.0,1.0,50.0,2.5,CRITICAL,2026-03-09 23:34:44
102.0,1.0,150.0,5.0,WARNING,2026-03-09 23:34:44
103.0,2.0,250.0,6.25,WARNING,2026-03-09 23:34:44
101.0,1.0,50.0,2.5,CRITICAL,2026-03-09 23:34:54
102.0,1.0,150.0,5.0,WARNING,2026-03-09 23:34:54
103.0,2.0,250.0,6.25,WARNING,2026-03-09 23:34:54
101.0,1.0,50.0,2.5,CRITICAL,2026-03-09 23:35:04
102.0,1.0,150.0,5.0,WARNING,2026-03-09 23:35:04
103.0,2.0,250.0,6.25,WARNING,2026-03-09 23:35:04
101.0,1.0,50.0,2.5,CRITICAL,2026-03-09 23:35:14
102.0,1.0,150.0,5.0,WARNING,2026-03-09 23:35:14
103.0,2.0,250.0,6.25,WARNING,2026-03-09 23:35:14
101.0,1.0,50.0,2.5,CRITICAL,2026-03-09 23:35:24
102.0,1.0,150.0,5.0,WARNING,2026-03-09 23:35:24
103.0,2.0,250.0,6.25,WARNING,2026-03-09 23:35:24
101.0,1.0,50.0,2.5,CRITICAL,2026-03-09 23:35:34
102.0,1.0,150.0,5.0,WARNING,2026-03-09 23:35:34
103.0,2.0,250.0,6.25,WARNING,2026-03-09 23:35:34
101.0,1.0,50.0,2.5,CRITICAL,2026-03-09 23:35:44
102.0,1.0,150.0,5.0,WARNING,2026-03-09 23:35:44
103.0,2.0,250.0,6.25,WARNING,2026-03-09 23:35:44
101.0,1.0,50.0,2.5,CRITICAL,2026-03-09 23:35:54
102.0,1.0,150.0,5.0,WARNING,2026-03-09 23:35:54
103.0,2.0,250.0,6.25,WARNING,2026-03-09 23:35:54
101.0,1.0,50.0,2.5,CRITICAL,2026-03-09 23:36:04
102.0,1.0,150.0,5.0,WARNING,2026-03-09 23:36:04
103.0,2.0,250.0,6.25,WARNING,2026-03-09 23:36:04
101.0,1.0,50.0,2.5,CRITICAL,2026-03-09 23:36:14
102.0,1.0,150.0,5.0,WARNING,2026-03-09 23:36:14
103.0,2.0,250.0,6.25,WARNING,2026-03-09 23:36:14
101.0,1.0,50.0,2.5,CRITICAL,2026-03-09 23:36:25
102.0,1.0,150.0,5.0,WARNING,2026-03-09 23:36:25
103.0,2.0,250.0,6.25,WARNING,2026-03-09 23:36:25
101.0,1.0,50.0,2.5,CRITICAL,2026-03-09 23:36:35
102.0,1.0,150.0,5.0,WARNING,2026-03-09 23:36:35
103.0,2.0,250.0,6.25,WARNING,2026-03-09 23:36:35
101.0,1.0,50.0,2.5,CRITICAL,2026-03-09 23:36:45
102.0,1.0,150.0,5.0,WARNING,2026-03-09 23:36:45
103.0,2.0,250.0,6.25,WARNING,2026-03-09 23:36:45
101.0,1.0,50.0,2.5,CRITICAL,2026-03-09 23:36:55
102.0,1.0,150.0,5.0,WARNING,2026-03-09 23:36:55
103.0,2.0,250.0,6.25,WARNING,2026-03-09 23:36:55
101.0,1.0,50.0,2.5,CRITICAL,2026-03-09 23:37:05
102.0,1.0,150.0,5.0,WARNING,2026-03-09 23:37:05
103.0,2.0,250.0,6.25,WARNING,2026-03-09 23:37:05
101.0,1.0,50.0,2.5,CRITICAL,2026-03-09 23:37:15
102.0,1.0,150.0,5.0,WARNING,2026-03-09 23:37:15
103.0,2.0,250.0,6.25,WARNING,2026-03-09 23:37:15
101.0,1.0,50.0,2.5,CRITICAL,2026-03-09 23:37:25
102.0,1.0,150.0,5.0,WARNING,2026-03-09 23:37:25
103.0,2.0,250.0,6.25,WARNING,2026-03-09 23:37:25
101.0,1.0,50.0,2.5,CRITICAL,2026-03-09 23:37:35
102.0,1.0,150.0,5.0,WARNING,2026-03-09 23:37:35
103.0,2.0,250.0,6.25,WARNING,2026-03-09 23:37:35
101.0,1.0,50.0,2.5,CRITICAL,2026-03-09 23:37:45
102.0,1.0,150.0,5.0,WARNING,2026-03-09 23:37:45
103.0,2.0,250.0,6.25,WARNING,2026-03-09 23:37:45
101.0,1.0,50.0,2.5,CRITICAL,2026-03-09 23:37:55
102.0,1.0,150.0,5.0,WARNING,2026-03-09 23:37:55
103.0,2.0,250.0,6.25,WARNING,2026-03-09 23:37:55
101.0,1.0,50.0,2.5,CRITICAL,2026-03-09 23:38:06
102.0,1.0,150.0,5.0,WARNING,2026-03-09 23:38:06
103.0,2.0,250.0,6.25,WARNING,2026-03-09 23:38:06
101.0,1.0,50.0,2.5,CRITICAL,2026-03-09 23:38:16
102.0,1.0,150.0,5.0,WARNING,2026-03-09 23:38:16
103.0,2.0,250.0,6.25,WARNING,2026-03-09 23:38:16
101.0,1.0,50.0,2.5,CRITICAL,2026-03-09 23:38:26
102.0,1.0,150.0,5.0,WARNING,2026-03-09 23:38:26
103.0,2.0,250.0,6.25,WARNING,2026-03-09 23:38:26
101.0,1.0,50.0,2.5,CRITICAL,2026-03-09 23:38:36
102.0,1.0,150.0,5.0,WARNING,2026-03-09 23:38:36
103.0,2.0,250.0,6.25,WARNING,2026-03-09 23:38:36
101.0,1.0,50.0,2.5,CRITICAL,2026-03-09 23:38:46
102.0,1.0,150.0,5.0,WARNING,2026-03-09 23:38:46
103.0,2.0,250.0,6.25,WARNING,2026-03-09 23:38:46
101.0,1.0,50.0,2.5,CRITICAL,2026-03-09 23:38:56
102.0,1.0,150.0,5.0,WARNING,2026-03-09 23:38:56
103.0,2.0,250.0,6.25,WARNING,2026-03-09 23:38:56
101.0,1.0,50.0,2.5,CRITICAL,2026-03-09 23:39:06
102.0,1.0,150.0,5.0,WARNING,2026-03-09 23:39:06
103.0,2.0,250.0,6.25,WARNING,2026-03-09 23:39:06
101.0,1.0,50.0,2.5,CRITICAL,2026-03-09 23:39:16
102.0,1.0,150.0,5.0,WARNING,2026-03-09 23:39:16
103.0,2.0,250.0,6.25,WARNING,2026-03-09 23:39:16
101.0,1.0,50.0,2.5,CRITICAL,2026-03-09 23:39:26
102.0,1.0,150.0,5.0,WARNING,2026-03-09 23:39:26
103.0,2.0,250.0,6.25,WARNING,2026-03-09 23:39:26
101.0,1.0,50.0,2.5,CRITICAL,2026-03-09 23:39:36
102.0,1.0,150.0,5.0,WARNING,2026-03-09 23:39:36
103.0,2.0,250.0,6.25,WARNING,2026-03-09 23:39:36
101.0,1.0,50.0,2.5,CRITICAL,2026-03-09 23:39:47
102.0,1.0,150.0,5.0,WARNING,2026-03-09 23:39:47
103.0,2.0,250.0,6.25,WARNING,2026-03-09 23:39:47
101.0,1.0,50.0,2.5,CRITICAL,2026-03-09 23:39:57
102.0,1.0,150.0,5.0,WARNING,2026-03-09 23:39:57
103.0,2.0,250.0,6.25,WARNING,2026-03-09 23:39:57
101.0,1.0,50.0,2.5,CRITICAL,2026-03-09 23:40:07
102.0,1.0,150.0,5.0,WARNING,2026-03-09 23:40:07
103.0,2.0,250.0,6.25,WARNING,2026-03-09 23:40:07
101.0,1.0,50.0,2.5,CRITICAL,2026-03-09 23:40:17
102.0,1.0,150.0,5.0,WARNING,2026-03-09 23:40:17
103.0,2.0,250.0,6.25,WARNING,2026-03-09 23:40:17
101.0,1.0,50.0,2.5,CRITICAL,2026-03-09 23:40:27
102.0,1.0,150.0,5.0,WARNING,2026-03-09 23:40:27
103.0,2.0,250.0,6.25,WARNING,2026-03-09 23:40:27
101.0,1.0,50.0,2.5,CRITICAL,2026-03-09 23:40:37
102.0,1.0,150.0,5.0,WARNING,2026-03-09 23:40:37
103.0,2.0,250.0,6.25,WARNING,2026-03-09 23:40:37
101.0,1.0,50.0,2.5,CRITICAL,2026-03-09 23:40:47
102.0,1.0,150.0,5.0,WARNING,2026-03-09 23:40:47
103.0,2.0,250.0,6.25,WARNING,2026-03-09 23:40:47
101.0,1.0,50.0,2.5,CRITICAL,2026-03-09 23:40:57
102.0,1.0,150.0,5.0,WARNING,2026-03-09 23:40:57
103.0,2.0,250.0,6.25,WARNING,2026-03-09 23:40:57
101.0,1.0,50.0,2.5,CRITICAL,2026-03-09 23:41:07
102.0,1.0,150.0,5.0,WARNING,2026-03-09 23:41:07
103.0,2.0,250.0,6.25,WARNING,2026-03-09 23:41:07
101.0,1.0,50.0,2.5,CRITICAL,2026-03-09 23:41:17
102.0,1.0,150.0,5.0,WARNING,2026-03-09 23:41:17
103.0,2.0,250.0,6.25,WARNING,2026-03-09 23:41:17
101.0,1.0,50.0,2.5,CRITICAL,2026-03-09 23:41:27
102.0,1.0,150.0,5.0,WARNING,2026-03-09 23:41:27
103.0,2.0,250.0,6.25,WARNING,2026-03-09 23:41:27
101.0,1.0,50.0,2.5,CRITICAL,2026-03-09 23:41:37
102.0,1.0,150.0,5.0,WARNING,2026-03-09 23:41:37
103.0,2.0,250.0,6.25,WARNING,2026-03-09 23:41:37
101.0,1.0,50.0,2.5,CRITICAL,2026-03-09 23:41:47
102.0,1.0,150.0,5.0,WARNING,2026-03-09 23:41:47
103.0,2.0,250.0,6.25,WARNING,2026-03-09 23:41:47
101.0,1.0,50.0,2.5,CRITICAL,2026-03-09 23:41:57
102.0,1.0,150.0,5.0,WARNING,2026-03-09 23:41:57
103.0,2.0,250.0,6.25,WARNING,2026-03-09 23:41:57
101.0,1.0,50.0,2.5,CRITICAL,2026-03-09 23:42:07
102.0,1.0,150.0,5.0,WARNING,2026-03-09 23:42:07
103.0,2.0,250.0,6.25,WARNING,2026-03-09 23:42:07
101.0,1.0,50.0,2.5,CRITICAL,2026-03-09 23:42:17
102.0,1.0,150.0,5.0,WARNING,2026-03-09 23:42:17
103.0,2.0,250.0,6.25,WARNING,2026-03-09 23:42:17
101.0,1.0,50.0,2.5,CRITICAL,2026-03-09 23:42:27
102.0,1.0,150.0,5.0,WARNING,2026-03-09 23:42:27
103.0,2.0,250.0,6.25,WARNING,2026-03-09 23:42:27
101.0,1.0,50.0,2.5,CRITICAL,2026-03-09 23:42:38
102.0,1.0,150.0,5.0,WARNING,2026-03-09 23:42:38
103.0,2.0,250.0,6.25,WARNING,2026-03-09 23:42:38
101.0,1.0,50.0,2.5,CRITICAL,2026-03-09 23:42:48
102.0,1.0,150.0,5.0,WARNING,2026-03-09 23:42:48
103.0,2.0,250.0,6.25,WARNING,2026-03-09 23:42:48
101.0,1.0,50.0,2.5,CRITICAL,2026-03-09 23:42:58
102.0,1.0,150.0,5.0,WARNING,2026-03-09 23:42:58
103.0,2.0,250.0,6.25,WARNING,2026-03-09 23:42:58
101.0,1.0,50.0,2.5,CRITICAL,2026-03-09 23:43:08
102.0,1.0,150.0,5.0,WARNING,2026-03-09 23:43:08
103.0,2.0,250.0,6.25,WARNING,2026-03-09 23:43:08
101.0,1.0,50.0,2.5,CRITICAL,2026-03-09 23:43:18
102.0,1.0,150.0,5.0,WARNING,2026-03-09 23:43:18
103.0,2.0,250.0,6.25,WARNING,2026-03-09 23:43:18
101.0,1.0,50.0,2.5,CRITICAL,2026-03-09 23:43:28
102.0,1.0,150.0,5.0,WARNING,2026-03-09 23:43:28
103.0,2.0,250.0,6.25,WARNING,2026-03-09 23:43:28
101.0,1.0,50.0,2.5,CRITICAL,2026-03-09 23:43:38
102.0,1.0,150.0,5.0,WARNING,2026-03-09 23:43:38
103.0,2.0,250.0,6.25,WARNING,2026-03-09 23:43:38
101.0,1.0,50.0,2.5,CRITICAL,2026-03-09 23:43:48
102.0,1.0,150.0,5.0,WARNING,2026-03-09 23:43:48
103.0,2.0,250.0,6.25,WARNING,2026-03-09 23:43:48
101.0,1.0,50.0,2.5,CRITICAL,2026-03-09 23:43:58
102.0,1.0,150.0,5.0,WARNING,2026-03-09 23:43:58
103.0,2.0,250.0,6.25,WARNING,2026-03-09 23:43:58
101.0,1.0,50.0,2.5,CRITICAL,2026-03-09 23:44:08
102.0,1.0,150.0,5.0,WARNING,2026-03-09 23:44:08
103.0,2.0,250.0,6.25,WARNING,2026-03-09 23:44:08
101.0,1.0,50.0,2.5,CRITICAL,2026-03-09 23:44:18
102.0,1.0,150.0,5.0,WARNING,2026-03-09 23:44:18
103.0,2.0,250.0,6.25,WARNING,2026-03-09 23:44:18
101.0,1.0,50.0,2.5,CRITICAL,2026-03-09 23:44:28
102.0,1.0,150.0,5.0,WARNING,2026-03-09 23:44:28
103.0,2.0,250.0,6.25,WARNING,2026-03-09 23:44:28
101.0,1.0,50.0,2.5,CRITICAL,2026-03-09 23:44:38
102.0,1.0,150.0,5.0,WARNING,2026-03-09 23:44:38
103.0,2.0,250.0,6.25,WARNING,2026-03-09 23:44:38
101.0,1.0,50.0,2.5,CRITICAL,2026-03-09 23:44:48
102.0,1.0,150.0,5.0,WARNING,2026-03-09 23:44:48
103.0,2.0,250.0,6.25,WARNING,2026-03-09 23:44:48
101.0,1.0,50.0,2.5,CRITICAL,2026-03-09 23:44:58
102.0,1.0,150.0,5.0,WARNING,2026-03-09 23:44:58
103.0,2.0,250.0,6.25,WARNING,2026-03-09 23:44:58
101.0,1.0,50.0,2.5,CRITICAL,2026-03-09 23:45:08
102.0,1.0,150.0,5.0,WARNING,2026-03-09 23:45:08
103.0,2.0,250.0,6.25,WARNING,2026-03-09 23:45:08
101.0,1.0,50.0,2.5,CRITICAL,2026-03-09 23:45:18
102.0,1.0,150.0,5.0,WARNING,2026-03-09 23:45:18
103.0,2.0,250.0,6.25,WARNING,2026-03-09 23:45:18
101.0,1.0,50.0,2.5,CRITICAL,2026-03-09 23:45:29
102.0,1.0,150.0,5.0,WARNING,2026-03-09 23:45:29
103.0,2.0,250.0,6.25,WARNING,2026-03-09 23:45:29
101.0,1.0,50.0,2.5,CRITICAL,2026-03-09 23:45:39
102.0,1.0,150.0,5.0,WARNING,2026-03-09 23:45:39
103.0,2.0,250.0,6.25,WARNING,2026-03-09 23:45:39
101.0,1.0,50.0,2.5,CRITICAL,2026-03-09 23:45:49
102.0,1.0,150.0,5.0,WARNING,2026-03-09 23:45:49
103.0,2.0,250.0,6.25,WARNING,2026-03-09 23:45:49
101.0,1.0,50.0,2.5,CRITICAL,2026-03-09 23:45:59
102.0,1.0,150.0,5.0,WARNING,2026-03-09 23:45:59
103.0,2.0,250.0,6.25,WARNING,2026-03-09 23:45:59
101.0,1.0,50.0,2.5,CRITICAL,2026-03-09 23:46:09
102.0,1.0,150.0,5.0,WARNING,2026-03-09 23:46:09
103.0,2.0,250.0,6.25,WARNING,2026-03-09 23:46:09
101.0,1.0,50.0,2.5,CRITICAL,2026-03-09 23:46:19
102.0,1.0,150.0,5.0,WARNING,2026-03-09 23:46:19
103.0,2.0,250.0,6.25,WARNING,2026-03-09 23:46:19
101.0,1.0,50.0,2.5,CRITICAL,2026-03-09 23:46:29
102.0,1.0,150.0,5.0,WARNING,2026-03-09 23:46:29
103.0,2.0,250.0,6.25,WARNING,2026-03-09 23:46:29
101.0,1.0,50.0,2.5,CRITICAL,2026-03-09 23:46:39
102.0,1.0,150.0,5.0,WARNING,2026-03-09 23:46:39
103.0,2.0,250.0,6.25,WARNING,2026-03-09 23:46:39
101.0,1.0,50.0,2.5,CRITICAL,2026-03-09 23:46:49
102.0,1.0,150.0,5.0,WARNING,2026-03-09 23:46:49
103.0,2.0,250.0,6.25,WARNING,2026-03-09 23:46:49
101.0,1.0,50.0,2.5,CRITICAL,2026-03-09 23:46:59
102.0,1.0,150.0,5.0,WARNING,2026-03-09 23:46:59
103.0,2.0,250.0,6.25,WARNING,2026-03-09 23:46:59
101.0,1.0,50.0,2.5,CRITICAL,2026-03-09 23:47:09
102.0,1.0,150.0,5.0,WARNING,2026-03-09 23:47:09
103.0,2.0,250.0,6.25,WARNING,2026-03-09 23:47:09
101.0,1.0,50.0,2.5,CRITICAL,2026-03-09 23:47:19
102.0,1.0,150.0,5.0,WARNING,2026-03-09 23:47:19
103.0,2.0,250.0,6.25,WARNING,2026-03-09 23:47:19
101.0,1.0,50.0,2.5,CRITICAL,2026-03-09 23:47:29
102.0,1.0,150.0,5.0,WARNING,2026-03-09 23:47:29
103.0,2.0,250.0,6.25,WARNING,2026-03-09 23:47:29
101.0,1.0,50.0,2.5,CRITICAL,2026-03-09 23:47:39
102.0,1.0,150.0,5.0,WARNING,2026-03-09 23:47:39
103.0,2.0,250.0,6.25,WARNING,2026-03-09 23:47:39
101.0,1.0,50.0,2.5,CRITICAL,2026-03-09 23:47:50
102.0,1.0,150.0,5.0,WARNING,2026-03-09 23:47:50
103.0,2.0,250.0,6.25,WARNING,2026-03-09 23:47:50
101.0,1.0,50.0,2.5,CRITICAL,2026-03-09 23:48:00
102.0,1.0,150.0,5.0,WARNING,2026-03-09 23:48:00
103.0,2.0,250.0,6.25,WARNING,2026-03-09 23:48:00
101.0,1.0,50.0,2.5,CRITICAL,2026-03-09 23:48:10
102.0,1.0,150.0,5.0,WARNING,2026-03-09 23:48:10
103.0,2.0,250.0,6.25,WARNING,2026-03-09 23:48:10
101.0,1.0,50.0,2.5,CRITICAL,2026-03-09 23:48:20
102.0,1.0,150.0,5.0,WARNING,2026-03-09 23:48:20
103.0,2.0,250.0,6.25,WARNING,2026-03-09 23:48:20
101.0,1.0,50.0,2.5,CRITICAL,2026-03-09 23:48:30
102.0,1.0,150.0,5.0,WARNING,2026-03-09 23:48:30
103.0,2.0,250.0,6.25,WARNING,2026-03-09 23:48:30
101.0,1.0,50.0,2.5,CRITICAL,2026-03-09 23:48:40
102.0,1.0,150.0,5.0,WARNING,2026-03-09 23:48:40
103.0,2.0,250.0,6.25,WARNING,2026-03-09 23:48:40
101.0,1.0,50.0,2.5,CRITICAL,2026-03-09 23:48:50
102.0,1.0,150.0,5.0,WARNING,2026-03-09 23:48:50
103.0,2.0,250.0,6.25,WARNING,2026-03-09 23:48:50
101.0,1.0,50.0,2.5,CRITICAL,2026-03-09 23:49:00
102.0,1.0,150.0,5.0,WARNING,2026-03-09 23:49:00
103.0,2.0,250.0,6.25,WARNING,2026-03-09 23:49:00
101.0,1.0,50.0,2.5,CRITICAL,2026-03-09 23:49:10
102.0,1.0,150.0,5.0,WARNING,2026-03-09 23:49:10
103.0,2.0,250.0,6.25,WARNING,2026-03-09 23:49:10
101.0,1.0,50.0,2.5,CRITICAL,2026-03-09 23:49:20
102.0,1.0,150.0,5.0,WARNING,2026-03-09 23:49:20
103.0,2.0,250.0,6.25,WARNING,2026-03-09 23:49:20
101.0,1.0,50.0,2.5,CRITICAL,2026-03-09 23:49:30
102.0,1.0,150.0,5.0,WARNING,2026-03-09 23:49:30
103.0,2.0,250.0,6.25,WARNING,2026-03-09 23:49:30
101.0,1.0,50.0,2.5,CRITICAL,2026-03-09 23:49:40
102.0,1.0,150.0,5.0,WARNING,2026-03-09 23:49:40
103.0,2.0,250.0,6.25,WARNING,2026-03-09 23:49:40
101.0,1.0,50.0,2.5,CRITICAL,2026-03-09 23:49:50
102.0,1.0,150.0,5.0,WARNING,2026-03-09 23:49:50
103.0,2.0,250.0,6.25,WARNING,2026-03-09 23:49:50
101.0,1.0,50.0,2.5,CRITICAL,2026-03-09 23:50:01
102.0,1.0,150.0,5.0,WARNING,2026-03-09 23:50:01
103.0,2.0,250.0,6.25,WARNING,2026-03-09 23:50:01
101.0,1.0,50.0,2.5,CRITICAL,2026-03-09 23:50:11
102.0,1.0,150.0,5.0,WARNING,2026-03-09 23:50:11
103.0,2.0,250.0,6.25,WARNING,2026-03-09 23:50:11
101.0,1.0,50.0,2.5,CRITICAL,2026-03-09 23:50:21
102.0,1.0,150.0,5.0,WARNING,2026-03-09 23:50:21
103.0,2.0,250.0,6.25,WARNING,2026-03-09 23:50:21
101.0,1.0,50.0,2.5,CRITICAL,2026-03-09 23:50:31
102.0,1.0,150.0,5.0,WARNING,2026-03-09 23:50:31
103.0,2.0,250.0,6.25,WARNING,2026-03-09 23:50:31
101.0,1.0,50.0,2.5,CRITICAL,2026-03-09 23:50:41
102.0,1.0,150.0,5.0,WARNING,2026-03-09 23:50:41
103.0,2.0,250.0,6.25,WARNING,2026-03-09 23:50:41
101.0,1.0,50.0,2.5,CRITICAL,2026-03-09 23:50:51
102.0,1.0,150.0,5.0,WARNING,2026-03-09 23:50:51
103.0,2.0,250.0,6.25,WARNING,2026-03-09 23:50:51
101.0,1.0,50.0,2.5,CRITICAL,2026-03-09 23:51:01
102.0,1.0,150.0,5.0,WARNING,2026-03-09 23:51:01
103.0,2.0,250.0,6.25,WARNING,2026-03-09 23:51:01
101.0,1.0,50.0,2.5,CRITICAL,2026-03-09 23:51:11
102.0,1.0,150.0,5.0,WARNING,2026-03-09 23:51:11
103.0,2.0,250.0,6.25,WARNING,2026-03-09 23:51:11
101.0,1.0,50.0,2.5,CRITICAL,2026-03-09 23:51:22
102.0,1.0,150.0,5.0,WARNING,2026-03-09 23:51:22
103.0,2.0,250.0,6.25,WARNING,2026-03-09 23:51:22
101.0,1.0,50.0,2.5,CRITICAL,2026-03-09 23:51:32
102.0,1.0,150.0,5.0,WARNING,2026-03-09 23:51:32
103.0,2.0,250.0,6.25,WARNING,2026-03-09 23:51:32
101.0,1.0,50.0,2.5,CRITICAL,2026-03-09 23:51:42
102.0,1.0,150.0,5.0,WARNING,2026-03-09 23:51:42
103.0,2.0,250.0,6.25,WARNING,2026-03-09 23:51:42
101.0,1.0,50.0,2.5,CRITICAL,2026-03-09 23:51:52
102.0,1.0,150.0,5.0,WARNING,2026-03-09 23:51:52
103.0,2.0,250.0,6.25,WARNING,2026-03-09 23:51:52
101.0,1.0,50.0,2.5,CRITICAL,2026-03-09 23:52:02
102.0,1.0,150.0,5.0,WARNING,2026-03-09 23:52:02
103.0,2.0,250.0,6.25,WARNING,2026-03-09 23:52:02
101.0,1.0,50.0,2.5,CRITICAL,2026-03-09 23:52:13
102.0,1.0,150.0,5.0,WARNING,2026-03-09 23:52:13
103.0,2.0,250.0,6.25,WARNING,2026-03-09 23:52:13
101.0,1.0,50.0,2.5,CRITICAL,2026-03-09 23:52:23
102.0,1.0,150.0,5.0,WARNING,2026-03-09 23:52:23
103.0,2.0,250.0,6.25,WARNING,2026-03-09 23:52:23
101.0,1.0,50.0,2.5,CRITICAL,2026-03-09 23:52:33
102.0,1.0,150.0,5.0,WARNING,2026-03-09 23:52:33
103.0,2.0,250.0,6.25,WARNING,2026-03-09 23:52:33
101.0,1.0,50.0,2.5,CRITICAL,2026-03-09 23:52:43
102.0,1.0,150.0,5.0,WARNING,2026-03-09 23:52:43
103.0,2.0,250.0,6.25,WARNING,2026-03-09 23:52:43
101.0,1.0,50.0,2.5,CRITICAL,2026-03-09 23:52:53
102.0,1.0,150.0,5.0,WARNING,2026-03-09 23:52:53
103.0,2.0,250.0,6.25,WARNING,2026-03-09 23:52:53
101.0,1.0,50.0,2.5,CRITICAL,2026-03-09 23:53:03
102.0,1.0,150.0,5.0,WARNING,2026-03-09 23:53:03
103.0,2.0,250.0,6.25,WARNING,2026-03-09 23:53:03
101.0,1.0,50.0,2.5,CRITICAL,2026-03-09 23:53:14
102.0,1.0,150.0,5.0,WARNING,2026-03-09 23:53:14
103.0,2.0,250.0,6.25,WARNING,2026-03-09 23:53:14
101.0,1.0,50.0,2.5,CRITICAL,2026-03-09 23:53:24
102.0,1.0,150.0,5.0,WARNING,2026-03-09 23:53:24
103.0,2.0,250.0,6.25,WARNING,2026-03-09 23:53:24
101.0,1.0,50.0,2.5,CRITICAL,2026-03-09 23:53:34
102.0,1.0,150.0,5.0,WARNING,2026-03-09 23:53:34
103.0,2.0,250.0,6.25,WARNING,2026-03-09 23:53:34
101.0,1.0,50.0,2.5,CRITICAL,2026-03-09 23:53:44
102.0,1.0,150.0,5.0,WARNING,2026-03-09 23:53:44
103.0,2.0,250.0,6.25,WARNING,2026-03-09 23:53:44
101.0,1.0,50.0,2.5,CRITICAL,2026-03-09 23:53:54
102.0,1.0,150.0,5.0,WARNING,2026-03-09 23:53:54
103.0,2.0,250.0,6.25,WARNING,2026-03-09 23:53:54
101.0,1.0,50.0,2.5,CRITICAL,2026-03-09 23:54:04
102.0,1.0,150.0,5.0,WARNING,2026-03-09 23:54:04
103.0,2.0,250.0,6.25,WARNING,2026-03-09 23:54:04
101.0,1.0,50.0,2.5,CRITICAL,2026-03-09 23:54:14
102.0,1.0,150.0,5.0,WARNING,2026-03-09 23:54:14
103.0,2.0,250.0,6.25,WARNING,2026-03-09 23:54:14
101.0,1.0,50.0,2.5,CRITICAL,2026-03-09 23:54:24
102.0,1.0,150.0,5.0,WARNING,2026-03-09 23:54:24
103.0,2.0,250.0,6.25,WARNING,2026-03-09 23:54:24
101.0,1.0,50.0,2.5,CRITICAL,2026-03-09 23:54:34
102.0,1.0,150.0,5.0,WARNING,2026-03-09 23:54:34
103.0,2.0,250.0,6.25,WARNING,2026-03-09 23:54:34
101.0,1.0,50.0,2.5,CRITICAL,2026-03-09 23:54:44
102.0,1.0,150.0,5.0,WARNING,2026-03-09 23:54:44
103.0,2.0,250.0,6.25,WARNING,2026-03-09 23:54:44
101.0,1.0,50.0,2.5,CRITICAL,2026-03-09 23:54:54
102.0,1.0,150.0,5.0,WARNING,2026-03-09 23:54:54
103.0,2.0,250.0,6.25,WARNING,2026-03-09 23:54:54
101.0,1.0,50.0,2.5,CRITICAL,2026-03-09 23:55:05
102.0,1.0,150.0,5.0,WARNING,2026-03-09 23:55:05
103.0,2.0,250.0,6.25,WARNING,2026-03-09 23:55:05
101.0,1.0,50.0,2.5,CRITICAL,2026-03-09 23:55:15
102.0,1.0,150.0,5.0,WARNING,2026-03-09 23:55:15
103.0,2.0,250.0,6.25,WARNING,2026-03-09 23:55:15
101.0,1.0,50.0,2.5,CRITICAL,2026-03-09 23:55:25
102.0,1.0,150.0,5.0,WARNING,2026-03-09 23:55:25
103.0,2.0,250.0,6.25,WARNING,2026-03-09 23:55:25
101.0,1.0,50.0,2.5,CRITICAL,2026-03-09 23:55:35
102.0,1.0,150.0,5.0,WARNING,2026-03-09 23:55:35
103.0,2.0,250.0,6.25,WARNING,2026-03-09 23:55:35
101.0,1.0,50.0,2.5,CRITICAL,2026-03-09 23:55:46
102.0,1.0,150.0,5.0,WARNING,2026-03-09 23:55:46
103.0,2.0,250.0,6.25,WARNING,2026-03-09 23:55:46
101.0,1.0,50.0,2.5,CRITICAL,2026-03-09 23:55:57
102.0,1.0,150.0,5.0,WARNING,2026-03-09 23:55:57
103.0,2.0,250.0,6.25,WARNING,2026-03-09 23:55:57
101.0,1.0,50.0,2.5,CRITICAL,2026-03-09 23:56:07
102.0,1.0,150.0,5.0,WARNING,2026-03-09 23:56:07
103.0,2.0,250.0,6.25,WARNING,2026-03-09 23:56:07
101.0,1.0,50.0,2.5,CRITICAL,2026-03-09 23:56:17
102.0,1.0,150.0,5.0,WARNING,2026-03-09 23:56:17
103.0,2.0,250.0,6.25,WARNING,2026-03-09 23:56:17
101.0,1.0,50.0,2.5,CRITICAL,2026-03-09 23:56:27
102.0,1.0,150.0,5.0,WARNING,2026-03-09 23:56:27
103.0,2.0,250.0,6.25,WARNING,2026-03-09 23:56:27
101.0,1.0,50.0,2.5,CRITICAL,2026-03-09 23:56:37
102.0,1.0,150.0,5.0,WARNING,2026-03-09 23:56:37
103.0,2.0,250.0,6.25,WARNING,2026-03-09 23:56:37
101.0,1.0,50.0,2.5,CRITICAL,2026-03-09 23:56:47
102.0,1.0,150.0,5.0,WARNING,2026-03-09 23:56:47
103.0,2.0,250.0,6.25,WARNING,2026-03-09 23:56:47
101.0,1.0,50.0,2.5,CRITICAL,2026-03-09 23:56:57
102.0,1.0,150.0,5.0,WARNING,2026-03-09 23:56:57
103.0,2.0,250.0,6.25,WARNING,2026-03-09 23:56:57
101.0,1.0,50.0,2.5,CRITICAL,2026-03-09 23:57:07
102.0,1.0,150.0,5.0,WARNING,2026-03-09 23:57:07
103.0,2.0,250.0,6.25,WARNING,2026-03-09 23:57:07
101.0,1.0,50.0,2.5,CRITICAL,2026-03-09 23:57:17
102.0,1.0,150.0,5.0,WARNING,2026-03-09 23:57:17
103.0,2.0,250.0,6.25,WARNING,2026-03-09 23:57:17
101.0,1.0,50.0,2.5,CRITICAL,2026-03-09 23:57:27
102.0,1.0,150.0,5.0,WARNING,2026-03-09 23:57:27
103.0,2.0,250.0,6.25,WARNING,2026-03-09 23:57:27
101.0,1.0,50.0,2.5,CRITICAL,2026-03-09 23:57:37
102.0,1.0,150.0,5.0,WARNING,2026-03-09 23:57:37
103.0,2.0,250.0,6.25,WARNING,2026-03-09 23:57:37
101.0,1.0,50.0,2.5,CRITICAL,2026-03-09 23:57:47
102.0,1.0,150.0,5.0,WARNING,2026-03-09 23:57:47
103.0,2.0,250.0,6.25,WARNING,2026-03-09 23:57:47
101.0,1.0,50.0,2.5,CRITICAL,2026-03-09 23:57:57
102.0,1.0,150.0,5.0,WARNING,2026-03-09 23:57:57
103.0,2.0,250.0,6.25,WARNING,2026-03-09 23:57:57
101.0,1.0,50.0,2.5,CRITICAL,2026-03-09 23:58:07
102.0,1.0,150.0,5.0,WARNING,2026-03-09 23:58:07
103.0,2.0,250.0,6.25,WARNING,2026-03-09 23:58:07
101.0,1.0,50.0,2.5,CRITICAL,2026-03-09 23:58:17
102.0,1.0,150.0,5.0,WARNING,2026-03-09 23:58:17
103.0,2.0,250.0,6.25,WARNING,2026-03-09 23:58:17
101.0,1.0,50.0,2.5,CRITICAL,2026-03-09 23:58:27
102.0,1.0,150.0,5.0,WARNING,2026-03-09 23:58:27
103.0,2.0,250.0,6.25,WARNING,2026-03-09 23:58:27
101.0,1.0,50.0,2.5,CRITICAL,2026-03-09 23:58:37
102.0,1.0,150.0,5.0,WARNING,2026-03-09 23:58:37
103.0,2.0,250.0,6.25,WARNING,2026-03-09 23:58:37
101.0,1.0,50.0,2.5,CRITICAL,2026-03-09 23:58:47
102.0,1.0,150.0,5.0,WARNING,2026-03-09 23:58:47
103.0,2.0,250.0,6.25,WARNING,2026-03-09 23:58:47
101.0,1.0,50.0,2.5,CRITICAL,2026-03-09 23:58:58
102.0,1.0,150.0,5.0,WARNING,2026-03-09 23:58:58
103.0,2.0,250.0,6.25,WARNING,2026-03-09 23:58:58
101.0,1.0,50.0,2.5,CRITICAL,2026-03-09 23:59:08
102.0,1.0,150.0,5.0,WARNING,2026-03-09 23:59:08
103.0,2.0,250.0,6.25,WARNING,2026-03-09 23:59:08
101.0,1.0,50.0,2.5,CRITICAL,2026-03-09 23:59:18
102.0,1.0,150.0,5.0,WARNING,2026-03-09 23:59:18
103.0,2.0,250.0,6.25,WARNING,2026-03-09 23:59:18
101.0,1.0,50.0,2.5,CRITICAL,2026-03-09 23:59:28
102.0,1.0,150.0,5.0,WARNING,2026-03-09 23:59:28
103.0,2.0,250.0,6.25,WARNING,2026-03-09 23:59:28
101.0,1.0,50.0,2.5,CRITICAL,2026-03-09 23:59:38
102.0,1.0,150.0,5.0,WARNING,2026-03-09 23:59:38
103.0,2.0,250.0,6.25,WARNING,2026-03-09 23:59:38
101.0,1.0,50.0,2.5,CRITICAL,2026-03-09 23:59:48
102.0,1.0,150.0,5.0,WARNING,2026-03-09 23:59:48
103.0,2.0,250.0,6.25,WARNING,2026-03-09 23:59:48
101.0,1.0,50.0,2.5,CRITICAL,2026-03-09 23:59:58
102.0,1.0,150.0,5.0,WARNING,2026-03-09 23:59:58
103.0,2.0,250.0,6.25,WARNING,2026-03-09 23:59:58
101.0,1.0,50.0,2.5,CRITICAL,2026-03-10 00:00:09
102.0,1.0,150.0,5.0,WARNING,2026-03-10 00:00:09
103.0,2.0,250.0,6.25,WARNING,2026-03-10 00:00:09
101.0,1.0,50.0,2.5,CRITICAL,2026-03-10 00:00:20
102.0,1.0,150.0,5.0,WARNING,2026-03-10 00:00:20
103.0,2.0,250.0,6.25,WARNING,2026-03-10 00:00:20
101.0,1.0,50.0,2.5,CRITICAL,2026-03-10 00:00:30
102.0,1.0,150.0,5.0,WARNING,2026-03-10 00:00:30
103.0,2.0,250.0,6.25,WARNING,2026-03-10 00:00:30
101.0,1.0,50.0,2.5,CRITICAL,2026-03-10 00:00:40
102.0,1.0,150.0,5.0,WARNING,2026-03-10 00:00:40
103.0,2.0,250.0,6.25,WARNING,2026-03-10 00:00:40
101.0,1.0,50.0,2.5,CRITICAL,2026-03-10 00:00:50
102.0,1.0,150.0,5.0,WARNING,2026-03-10 00:00:50
103.0,2.0,250.0,6.25,WARNING,2026-03-10 00:00:50
101.0,1.0,50.0,2.5,CRITICAL,2026-03-10 00:01:00
102.0,1.0,150.0,5.0,WARNING,2026-03-10 00:01:00
103.0,2.0,250.0,6.25,WARNING,2026-03-10 00:01:00
101.0,1.0,50.0,2.5,CRITICAL,2026-03-10 00:01:10
102.0,1.0,150.0,5.0,WARNING,2026-03-10 00:01:10
103.0,2.0,250.0,6.25,WARNING,2026-03-10 00:01:10
101.0,1.0,50.0,2.5,CRITICAL,2026-03-10 00:01:20
102.0,1.0,150.0,5.0,WARNING,2026-03-10 00:01:20
103.0,2.0,250.0,6.25,WARNING,2026-03-10 00:01:20
101.0,1.0,50.0,2.5,CRITICAL,2026-03-10 00:01:30
102.0,1.0,150.0,5.0,WARNING,2026-03-10 00:01:30
103.0,2.0,250.0,6.25,WARNING,2026-03-10 00:01:30
101.0,1.0,50.0,2.5,CRITICAL,2026-03-10 00:01:40
102.0,1.0,150.0,5.0,WARNING,2026-03-10 00:01:40
103.0,2.0,250.0,6.25,WARNING,2026-03-10 00:01:40
101.0,1.0,50.0,2.5,CRITICAL,2026-03-10 00:01:50
102.0,1.0,150.0,5.0,WARNING,2026-03-10 00:01:50
103.0,2.0,250.0,6.25,WARNING,2026-03-10 00:01:50
101.0,1.0,50.0,2.5,CRITICAL,2026-03-10 00:02:00
102.0,1.0,150.0,5.0,WARNING,2026-03-10 00:02:00
103.0,2.0,250.0,6.25,WARNING,2026-03-10 00:02:00
101.0,1.0,50.0,2.5,CRITICAL,2026-03-10 00:02:10
102.0,1.0,150.0,5.0,WARNING,2026-03-10 00:02:10
103.0,2.0,250.0,6.25,WARNING,2026-03-10 00:02:10
101.0,1.0,50.0,2.5,CRITICAL,2026-03-10 00:02:20
102.0,1.0,150.0,5.0,WARNING,2026-03-10 00:02:20
103.0,2.0,250.0,6.25,WARNING,2026-03-10 00:02:20
101.0,1.0,50.0,2.5,CRITICAL,2026-03-10 00:02:30
102.0,1.0,150.0,5.0,WARNING,2026-03-10 00:02:30
103.0,2.0,250.0,6.25,WARNING,2026-03-10 00:02:30
101.0,1.0,50.0,2.5,CRITICAL,2026-03-10 00:02:40
102.0,1.0,150.0,5.0,WARNING,2026-03-10 00:02:40
103.0,2.0,250.0,6.25,WARNING,2026-03-10 00:02:40
101.0,1.0,50.0,2.5,CRITICAL,2026-03-10 00:02:50
102.0,1.0,150.0,5.0,WARNING,2026-03-10 00:02:50
103.0,2.0,250.0,6.25,WARNING,2026-03-10 00:02:50
101.0,1.0,50.0,2.5,CRITICAL,2026-03-10 00:03:00
102.0,1.0,150.0,5.0,WARNING,2026-03-10 00:03:00
103.0,2.0,250.0,6.25,WARNING,2026-03-10 00:03:00
101.0,1.0,50.0,2.5,CRITICAL,2026-03-10 00:03:10
102.0,1.0,150.0,5.0,WARNING,2026-03-10 00:03:10
103.0,2.0,250.0,6.25,WARNING,2026-03-10 00:03:10
101.0,1.0,50.0,2.5,CRITICAL,2026-03-10 00:03:20
102.0,1.0,150.0,5.0,WARNING,2026-03-10 00:03:20
103.0,2.0,250.0,6.25,WARNING,2026-03-10 00:03:20
101.0,1.0,50.0,2.5,CRITICAL,2026-03-10 00:03:31
102.0,1.0,150.0,5.0,WARNING,2026-03-10 00:03:31
103.0,2.0,250.0,6.25,WARNING,2026-03-10 00:03:31
101.0,1.0,50.0,2.5,CRITICAL,2026-03-10 00:03:41
102.0,1.0,150.0,5.0,WARNING,2026-03-10 00:03:41
103.0,2.0,250.0,6.25,WARNING,2026-03-10 00:03:41
101.0,1.0,50.0,2.5,CRITICAL,2026-03-10 00:03:51
102.0,1.0,150.0,5.0,WARNING,2026-03-10 00:03:51
103.0,2.0,250.0,6.25,WARNING,2026-03-10 00:03:51
101.0,1.0,50.0,2.5,CRITICAL,2026-03-10 00:04:01
102.0,1.0,150.0,5.0,WARNING,2026-03-10 00:04:01
103.0,2.0,250.0,6.25,WARNING,2026-03-10 00:04:01
101.0,1.0,50.0,2.5,CRITICAL,2026-03-10 00:04:11
102.0,1.0,150.0,5.0,WARNING,2026-03-10 00:04:11
103.0,2.0,250.0,6.25,WARNING,2026-03-10 00:04:11
101.0,1.0,50.0,2.5,CRITICAL,2026-03-10 00:04:21
102.0,1.0,150.0,5.0,WARNING,2026-03-10 00:04:21
103.0,2.0,250.0,6.25,WARNING,2026-03-10 00:04:21
101.0,1.0,50.0,2.5,CRITICAL,2026-03-10 00:04:31
102.0,1.0,150.0,5.0,WARNING,2026-03-10 00:04:31
103.0,2.0,250.0,6.25,WARNING,2026-03-10 00:04:31
101.0,1.0,50.0,2.5,CRITICAL,2026-03-10 00:04:41
102.0,1.0,150.0,5.0,WARNING,2026-03-10 00:04:41
103.0,2.0,250.0,6.25,WARNING,2026-03-10 00:04:41
101.0,1.0,50.0,2.5,CRITICAL,2026-03-10 00:04:51
102.0,1.0,150.0,5.0,WARNING,2026-03-10 00:04:51
103.0,2.0,250.0,6.25,WARNING,2026-03-10 00:04:51
101.0,1.0,50.0,2.5,CRITICAL,2026-03-10 00:05:01
102.0,1.0,150.0,5.0,WARNING,2026-03-10 00:05:01
103.0,2.0,250.0,6.25,WARNING,2026-03-10 00:05:01
101.0,1.0,50.0,2.5,CRITICAL,2026-03-10 00:05:11
102.0,1.0,150.0,5.0,WARNING,2026-03-10 00:05:11
103.0,2.0,250.0,6.25,WARNING,2026-03-10 00:05:11
101.0,1.0,50.0,2.5,CRITICAL,2026-03-10 00:05:21
102.0,1.0,150.0,5.0,WARNING,2026-03-10 00:05:21
103.0,2.0,250.0,6.25,WARNING,2026-03-10 00:05:21
101.0,1.0,50.0,2.5,CRITICAL,2026-03-10 00:05:31
102.0,1.0,150.0,5.0,WARNING,2026-03-10 00:05:31
103.0,2.0,250.0,6.25,WARNING,2026-03-10 00:05:31
101.0,1.0,50.0,2.5,CRITICAL,2026-03-10 00:05:41
102.0,1.0,150.0,5.0,WARNING,2026-03-10 00:05:41
103.0,2.0,250.0,6.25,WARNING,2026-03-10 00:05:41
101.0,1.0,50.0,2.5,CRITICAL,2026-03-10 00:05:51
102.0,1.0,150.0,5.0,WARNING,2026-03-10 00:05:51
103.0,2.0,250.0,6.25,WARNING,2026-03-10 00:05:51
101.0,1.0,50.0,2.5,CRITICAL,2026-03-10 00:06:01
102.0,1.0,150.0,5.0,WARNING,2026-03-10 00:06:01
103.0,2.0,250.0,6.25,WARNING,2026-03-10 00:06:01
101.0,1.0,50.0,2.5,CRITICAL,2026-03-10 00:06:11
102.0,1.0,150.0,5.0,WARNING,2026-03-10 00:06:11
103.0,2.0,250.0,6.25,WARNING,2026-03-10 00:06:11
101.0,1.0,50.0,2.5,CRITICAL,2026-03-10 00:06:21
102.0,1.0,150.0,5.0,WARNING,2026-03-10 00:06:21
103.0,2.0,250.0,6.25,WARNING,2026-03-10 00:06:21
101.0,1.0,50.0,2.5,CRITICAL,2026-03-10 00:06:31
102.0,1.0,150.0,5.0,WARNING,2026-03-10 00:06:31
103.0,2.0,250.0,6.25,WARNING,2026-03-10 00:06:31
101.0,1.0,50.0,2.5,CRITICAL,2026-03-10 00:06:41
102.0,1.0,150.0,5.0,WARNING,2026-03-10 00:06:41
103.0,2.0,250.0,6.25,WARNING,2026-03-10 00:06:41
101.0,1.0,50.0,2.5,CRITICAL,2026-03-10 00:06:51
102.0,1.0,150.0,5.0,WARNING,2026-03-10 00:06:51
103.0,2.0,250.0,6.25,WARNING,2026-03-10 00:06:51
101.0,1.0,50.0,2.5,CRITICAL,2026-03-10 00:07:01
102.0,1.0,150.0,5.0,WARNING,2026-03-10 00:07:01
103.0,2.0,250.0,6.25,WARNING,2026-03-10 00:07:01
101.0,1.0,50.0,2.5,CRITICAL,2026-03-10 00:07:11
102.0,1.0,150.0,5.0,WARNING,2026-03-10 00:07:11
103.0,2.0,250.0,6.25,WARNING,2026-03-10 00:07:11
101.0,1.0,50.0,2.5,CRITICAL,2026-03-10 00:07:21
102.0,1.0,150.0,5.0,WARNING,2026-03-10 00:07:21
103.0,2.0,250.0,6.25,WARNING,2026-03-10 00:07:21
101.0,1.0,50.0,2.5,CRITICAL,2026-03-10 00:07:31
102.0,1.0,150.0,5.0,WARNING,2026-03-10 00:07:31
103.0,2.0,250.0,6.25,WARNING,2026-03-10 00:07:31
101.0,1.0,50.0,2.5,CRITICAL,2026-03-10 00:07:41
102.0,1.0,150.0,5.0,WARNING,2026-03-10 00:07:41
103.0,2.0,250.0,6.25,WARNING,2026-03-10 00:07:41
101.0,1.0,50.0,2.5,CRITICAL,2026-03-10 00:07:51
102.0,1.0,150.0,5.0,WARNING,2026-03-10 00:07:51
103.0,2.0,250.0,6.25,WARNING,2026-03-10 00:07:51
101.0,1.0,50.0,2.5,CRITICAL,2026-03-10 00:08:01
102.0,1.0,150.0,5.0,WARNING,2026-03-10 00:08:01
103.0,2.0,250.0,6.25,WARNING,2026-03-10 00:08:01
101.0,1.0,50.0,2.5,CRITICAL,2026-03-10 00:08:11
102.0,1.0,150.0,5.0,WARNING,2026-03-10 00:08:11
103.0,2.0,250.0,6.25,WARNING,2026-03-10 00:08:11
101.0,1.0,50.0,2.5,CRITICAL,2026-03-10 00:08:21
102.0,1.0,150.0,5.0,WARNING,2026-03-10 00:08:21
103.0,2.0,250.0,6.25,WARNING,2026-03-10 00:08:21
101.0,1.0,50.0,2.5,CRITICAL,2026-03-10 00:08:31
102.0,1.0,150.0,5.0,WARNING,2026-03-10 00:08:31
103.0,2.0,250.0,6.25,WARNING,2026-03-10 00:08:31
101.0,1.0,50.0,2.5,CRITICAL,2026-03-10 00:08:42
102.0,1.0,150.0,5.0,WARNING,2026-03-10 00:08:42
103.0,2.0,250.0,6.25,WARNING,2026-03-10 00:08:42
101.0,1.0,50.0,2.5,CRITICAL,2026-03-10 00:08:52
102.0,1.0,150.0,5.0,WARNING,2026-03-10 00:08:52
103.0,2.0,250.0,6.25,WARNING,2026-03-10 00:08:52
