product_id,warehouse_id,current_stock,safety_stock,reorder_point,inventory_days,avg_daily_sales,total_daily_sales,demand_spike,is_delayed,total_delays,avg_delay_days,timestamp,predicted_demand,days_until_stockout,supplier_lead_time,reorder_quantity,stockout_risk,alert_message
PROD-0001,WH-03,41439.0,6573.0,13991.0,1879.6776315789475,22.04580152671756,5776.0,False,False,0,0.0,0.0,22.173487,1868.8535791743057,18.65,0.0,False,Product PROD-0001 stock level healthy.
PROD-0001,WH-02,42005.0,7238.0,12248.0,1905.3514542936289,22.04580152671756,5776.0,False,False,0,0.0,0.0,22.099773,1900.698221038254,18.65,0.0,False,Product PROD-0001 stock level healthy.
PROD-0002,WH-05,35040.0,5101.0,9127.0,1563.9659284497443,22.404580152671755,5870.0,False,False,0,0.0,0.0,22.42409,1562.6052556839809,16.8125,0.0,False,Product PROD-0002 stock level healthy.
PROD-0003,WH-02,41153.0,11246.0,21143.0,1894.010403808852,21.72796934865901,5671.0,False,False,0,0.0,0.0,22.085169,1863.377196748352,14.85,0.0,False,Product PROD-0003 stock level healthy.
PROD-0004,WH-02,34942.0,6043.0,11301.0,1594.4769176136365,21.914396887159533,5632.0,False,False,0,0.0,0.0,22.098999,1581.1575883116525,15.4,0.0,False,Product PROD-0004 stock level healthy.
PROD-0004,WH-05,43921.0,6737.0,16415.0,2004.2075639204545,21.914396887159533,5632.0,False,False,0,0.0,0.0,21.98479,1997.790217589904,15.4,0.0,False,Product PROD-0004 stock level healthy.
PROD-0005,WH-01,26582.0,6033.0,12271.0,1244.6421404682274,21.357142857142858,5681.0,False,False,0,0.0,0.0,21.717854,1223.969944521583,19.285714285714285,0.0,False,Product PROD-0005 stock level healthy.
PROD-0005,WH-05,45836.0,8821.0,15612.0,2146.167224080268,21.357142857142858,5681.0,False,False,0,0.0,0.0,21.488417,2133.0561809261912,19.285714285714285,0.0,False,Product PROD-0005 stock level healthy.
PROD-0005,WH-04,87096.0,20696.0,35589.0,4078.0735785953175,21.357142857142858,5681.0,False,False,0,0.0,0.0,21.402962,4069.343350459073,19.285714285714285,0.0,False,Product PROD-0005 stock level healthy.
PROD-0006,WH-04,82383.0,21024.0,36351.0,3673.032671480145,22.42914979757085,5540.0,False,False,0,0.0,0.0,22.36621,3683.368641662664,18.94736842105263,0.0,False,Product PROD-0006 stock level healthy.
PROD-0006,WH-03,38588.0,6293.0,11124.0,1720.4397111913356,22.42914979757085,5540.0,False,False,0,0.0,0.0,22.182905,1739.5377051410244,18.94736842105263,0.0,False,Product PROD-0006 stock level healthy.
PROD-0007,WH-01,59908.0,12786.0,28358.0,2716.618028890108,22.052419354838708,5469.0,False,False,0,0.0,0.0,22.271856,2689.8521242042066,16.63157894736842,0.0,False,Product PROD-0007 stock level healthy.
PROD-0008,WH-05,68115.0,12201.0,29459.0,2769.3439094387754,24.59607843137255,6272.0,False,False,0,0.0,0.0,23.630516,2882.5015860593376,17.77777777777778,0.0,False,Product PROD-0008 stock level healthy.
PROD-0009,WH-05,40305.0,5156.0,11575.0,1751.7892114756914,23.00790513833992,5821.0,False,False,0,0.0,0.0,22.837343,1764.872543136442,14.785714285714286,0.0,False,Product PROD-0009 stock level healthy.
PROD-0009,WH-02,32207.0,8032.0,15489.0,1399.8232262497852,23.00790513833992,5821.0,False,False,0,0.0,0.0,22.914192,1405.5481301414493,14.785714285714286,0.0,False,Product PROD-0009 stock level healthy.
PROD-0010,WH-02,28261.0,4065.0,10152.0,1211.1857142857143,23.33333333333333,5950.0,False,False,0,0.0,0.0,22.059046,1281.1524245862167,17.31578947368421,0.0,False,Product PROD-0010 stock level healthy.
PROD-0010,WH-03,67734.0,8004.0,12383.0,2902.8857142857146,23.33333333333333,5950.0,False,False,0,0.0,0.0,22.800587,2970.7130298842053,17.31578947368421,0.0,False,Product PROD-0010 stock level healthy.
PROD-0010,WH-04,40519.0,9136.0,20940.0,1736.5285714285717,23.33333333333333,5950.0,False,False,0,0.0,0.0,23.088694,1754.9282202372965,17.31578947368421,0.0,False,Product PROD-0010 stock level healthy.
PROD-0011,WH-02,33832.0,5986.0,12545.0,1485.2285668840466,22.77898550724637,6287.0,False,False,0,0.0,0.0,22.785013,1484.8356551184174,13.5,0.0,False,Product PROD-0011 stock level healthy.
PROD-0011,WH-03,65202.0,9798.0,20117.0,2862.375059646891,22.77898550724637,6287.0,False,False,0,0.0,0.0,23.191467,2811.465061623448,13.5,0.0,False,Product PROD-0011 stock level healthy.
PROD-0012,WH-01,50688.0,6230.0,14857.0,2381.759462987134,21.28174603174603,5363.0,False,False,0,0.0,0.0,21.702795,2335.551708109538,16.0,0.0,False,Product PROD-0012 stock level healthy.
PROD-0013,WH-05,74255.0,12477.0,22377.0,3146.965734896304,23.595744680851062,5545.0,False,False,0,0.0,0.0,23.294304,3187.689159451086,15.666666666666666,0.0,False,Product PROD-0013 stock level healthy.
PROD-0013,WH-04,43289.0,4356.0,9679.0,1834.61045987376,23.595744680851062,5545.0,False,False,0,0.0,0.0,23.173527,1868.036766307242,15.666666666666666,0.0,False,Product PROD-0013 stock level healthy.
PROD-0014,WH-05,46844.0,9374.0,15735.0,2093.28,22.37827715355805,5975.0,False,False,0,0.0,0.0,22.34219,2096.6610901964546,20.666666666666668,0.0,False,Product PROD-0014 stock level healthy.
PROD-0014,WH-04,86368.0,23673.0,42574.0,3859.457071129707,22.37827715355805,5975.0,False,False,0,0.0,0.0,21.494507,4018.142898519448,20.666666666666668,0.0,False,Product PROD-0014 stock level healthy.
PROD-0014,WH-02,35035.0,7770.0,12842.0,1565.5807531380754,22.37827715355805,5975.0,False,False,0,0.0,0.0,22.332188,1568.8118219775072,20.666666666666668,0.0,False,Product PROD-0014 stock level healthy.
PROD-0015,WH-05,61818.0,15808.0,32095.0,2758.22436714624,22.412244897959184,5491.0,False,False,0,0.0,0.0,22.713272,2721.668623621717,19.125,0.0,False,Product PROD-0015 stock level healthy.
PROD-0016,WH-03,73193.0,14471.0,23325.0,3143.7242812608247,23.282258064516128,5774.0,False,False,0,0.0,0.0,23.326355,3137.781280499452,18.0625,0.0,False,Product PROD-0016 stock level healthy.
PROD-0017,WH-03,90273.0,24042.0,43456.0,4008.5382317801673,22.52017937219731,5022.0,False,False,0,0.0,0.0,22.551567,4002.9590710580505,14.31578947368421,0.0,False,Product PROD-0017 stock level healthy.
PROD-0017,WH-01,26048.0,7178.0,17564.0,1156.6515332536835,22.52017937219731,5022.0,False,False,0,0.0,0.0,22.441809,1160.6907601591065,14.31578947368421,0.0,False,Product PROD-0017 stock level healthy.
PROD-0018,WH-05,72264.0,19020.0,47131.0,3212.024673439768,22.49795918367347,5512.0,False,False,0,0.0,0.0,22.441235,3220.143691944445,19.071428571428573,0.0,False,Product PROD-0018 stock level healthy.
PROD-0019,WH-02,38623.0,4854.0,9588.0,1792.2505800464037,21.55,5172.0,False,False,0,0.0,0.0,21.63401,1785.2908193043268,17.38888888888889,0.0,False,Product PROD-0019 stock level healthy.
PROD-0019,WH-03,70193.0,10740.0,25479.0,3257.215777262181,21.55,5172.0,False,False,0,0.0,0.0,21.983688,3192.9582910802424,17.38888888888889,0.0,False,Product PROD-0019 stock level healthy.
PROD-0019,WH-05,55511.0,7902.0,16114.0,2575.916473317865,21.55,5172.0,False,False,0,0.0,0.0,21.748446,2552.4123079173605,17.38888888888889,0.0,False,Product PROD-0019 stock level healthy.
PROD-0020,WH-05,69983.0,16977.0,32239.0,3065.1196924105648,22.83206106870229,5982.0,False,False,0,0.0,0.0,22.661787,3088.150104748612,16.807692307692307,0.0,False,Product PROD-0020 stock level healthy.
PROD-0020,WH-03,77634.0,13561.0,32541.0,3400.2186559679035,22.83206106870229,5982.0,False,False,0,0.0,0.0,22.73267,3415.085011107973,16.807692307692307,0.0,False,Product PROD-0020 stock level healthy.
PROD-0020,WH-04,60037.0,8980.0,14044.0,2629.50417920428,22.83206106870229,5982.0,False,False,0,0.0,0.0,22.664757,2648.914373812365,16.807692307692307,0.0,False,Product PROD-0020 stock level healthy.
PROD-0021,WH-02,33602.0,4906.0,8439.0,1520.72773352643,22.096,5524.0,False,False,0,0.0,0.0,22.434988,1497.7498524747723,17.391304347826086,0.0,False,Product PROD-0021 stock level healthy.
PROD-0022,WH-05,70958.0,7931.0,12431.0,3252.294190797655,21.81782945736434,5629.0,False,False,0,0.0,0.0,21.904835,3239.376184232547,20.571428571428573,0.0,False,Product PROD-0022 stock level healthy.
PROD-0023,WH-01,57789.0,6597.0,11465.0,2681.3752783964364,21.552,5388.0,False,False,0,0.0,0.0,22.016611,2624.790879009828,17.11111111111111,0.0,False,Product PROD-0023 stock level healthy.
PROD-0024,WH-01,42973.0,8931.0,19856.0,1946.4621427377567,22.077490774907748,5983.0,False,False,0,0.0,0.0,22.13728,1941.2051051540068,17.823529411764707,0.0,False,Product PROD-0024 stock level healthy.
PROD-0024,WH-02,41918.0,9022.0,15725.0,1898.675915092763,22.077490774907748,5983.0,False,False,0,0.0,0.0,22.099773,1896.761529091335,17.823529411764707,0.0,False,Product PROD-0024 stock level healthy.
PROD-0024,WH-05,58215.0,10560.0,16836.0,2636.8485709510283,22.077490774907748,5983.0,False,False,0,0.0,0.0,22.162188,2626.7713780326626,17.823529411764707,0.0,False,Product PROD-0024 stock level healthy.
PROD-0025,WH-04,58870.0,10874.0,21389.0,2780.2416254805053,21.17441860465116,5463.0,False,False,0,0.0,0.0,22.066813,2667.8071406684808,17.58823529411765,0.0,False,Product PROD-0025 stock level healthy.
PROD-0025,WH-02,37583.0,8819.0,21907.0,1774.924766611752,21.17441860465116,5463.0,False,False,0,0.0,0.0,21.592428,1740.5638513191511,17.58823529411765,0.0,False,Product PROD-0025 stock level healthy.
PROD-0025,WH-05,37893.0,6840.0,12580.0,1789.5650741350908,21.17441860465116,5463.0,False,False,0,0.0,0.0,21.90251,1730.0757099291725,17.58823529411765,0.0,False,Product PROD-0025 stock level healthy.
PROD-0026,WH-01,33600.0,4638.0,9037.0,1430.6294177044767,23.486166007905137,5942.0,False,False,0,0.0,0.0,22.958656,1463.500282629783,14.727272727272727,0.0,False,Product PROD-0026 stock level healthy.
PROD-0027,WH-02,22155.0,4265.0,10127.0,987.0840152755046,22.44489795918368,5499.0,False,False,0,0.0,0.0,22.22001,997.0742247537164,16.176470588235293,0.0,False,Product PROD-0027 stock level healthy.
PROD-0027,WH-04,38563.0,10088.0,23766.0,1718.1187488634296,22.44489795918368,5499.0,False,False,0,0.0,0.0,22.479946,1715.4400533651633,16.176470588235293,0.0,False,Product PROD-0027 stock level healthy.
PROD-0028,WH-01,25758.0,7723.0,18041.0,1175.143332101958,21.91902834008097,5414.0,False,False,0,0.0,0.0,22.19456,1160.5547056415758,18.09090909090909,0.0,False,Product PROD-0028 stock level healthy.
PROD-0029,WH-01,60431.0,16300.0,27160.0,2684.6338053097347,22.50996015936255,5650.0,False,False,0,0.0,0.0,22.42068,2695.3242473581004,14.88888888888889,0.0,False,Product PROD-0029 stock level healthy.
PROD-0030,WH-04,61743.0,16851.0,40483.0,2707.3794574304725,22.80544747081712,5861.0,False,False,0,0.0,0.0,22.563383,2736.4247515429583,21.25,0.0,False,Product PROD-0030 stock level healthy.
PROD-0030,WH-01,30273.0,3040.0,5746.0,1327.4459989762838,22.80544747081712,5861.0,False,False,0,0.0,0.0,22.81537,1326.8686529020447,21.25,0.0,False,Product PROD-0030 stock level healthy.
PROD-0031,WH-01,35048.0,8387.0,18707.0,1646.764523766163,21.282945736434108,5491.0,False,False,0,0.0,0.0,21.732155,1612.725486637245,16.214285714285715,0.0,False,Product PROD-0031 stock level healthy.
PROD-0031,WH-02,39118.0,9090.0,18058.0,1837.9974503733383,21.282945736434108,5491.0,False,False,0,0.0,0.0,21.827297,1792.1595890871818,16.214285714285715,0.0,False,Product PROD-0031 stock level healthy.
PROD-0032,WH-04,51200.0,15039.0,31268.0,2452.4132868416223,20.877394636015325,5449.0,False,False,0,0.0,0.0,21.488989,2382.615594183032,13.333333333333334,0.0,False,Product PROD-0032 stock level healthy.
PROD-0033,WH-02,18690.0,3041.0,4713.0,830.0156739811912,22.51764705882353,5742.0,False,False,0,0.0,0.0,21.805973,857.1046086589151,17.36842105263158,0.0,False,Product PROD-0033 stock level healthy.
PROD-0033,WH-04,61482.0,17453.0,35449.0,2730.3918495297803,22.51764705882353,5742.0,False,False,0,0.0,0.0,22.531134,2728.757502855165,17.36842105263158,0.0,False,Product PROD-0033 stock level healthy.
PROD-0033,WH-05,35639.0,7183.0,16889.0,1582.71421107628,22.51764705882353,5742.0,False,False,0,0.0,0.0,22.441755,1588.0665095861846,17.36842105263158,0.0,False,Product PROD-0033 stock level healthy.
PROD-0034,WH-01,47313.0,11120.0,19295.0,2016.3121902874127,23.46511627906977,6054.0,False,False,0,0.0,0.0,23.290525,2031.4269048672163,15.5,0.0,False,Product PROD-0034 stock level healthy.
PROD-0035,WH-01,61034.0,13057.0,27144.0,2689.7407471165434,22.69140625,5809.0,False,False,0,0.0,0.0,22.42068,2722.2190616282087,17.464285714285715,0.0,False,Product PROD-0035 stock level healthy.
PROD-0036,WH-03,74441.0,13685.0,28515.0,3128.079954218443,23.79766536964981,6116.0,False,False,0,0.0,0.0,23.326355,3191.2829956643354,17.666666666666668,0.0,False,Product PROD-0036 stock level healthy.
PROD-0037,WH-03,55943.0,8511.0,18466.0,2390.562382014759,23.401606425702813,5827.0,False,False,0,0.0,0.0,22.975103,2434.9400774774394,18.5,0.0,False,Product PROD-0037 stock level healthy.
PROD-0037,WH-05,49600.0,7594.0,12384.0,2119.5126136948684,23.401606425702813,5827.0,False,False,0,0.0,0.0,23.054436,2151.4297977590118,18.5,0.0,False,Product PROD-0037 stock level healthy.
PROD-0037,WH-02,35220.0,6742.0,16376.0,1505.024884159945,23.401606425702813,5827.0,False,False,0,0.0,0.0,22.893192,1538.4486161611635,18.5,0.0,False,Product PROD-0037 stock level healthy.
PROD-0038,WH-03,37197.0,8340.0,17205.0,1612.7850553505536,23.06382978723404,5420.0,False,False,0,0.0,0.0,22.135662,1680.410545999806,19.0,0.0,False,Product PROD-0038 stock level healthy.
PROD-0039,WH-02,19038.0,2715.0,4792.0,878.2611781405252,21.67692307692308,5636.0,False,False,0,0.0,0.0,21.805973,873.0635387719865,13.68,0.0,False,Product PROD-0039 stock level healthy.
PROD-0040,WH-01,58630.0,16173.0,30235.0,2566.751152073733,22.84210526315789,5642.0,False,False,0,0.0,0.0,22.604525,2593.7285125548874,18.25,0.0,False,Product PROD-0040 stock level healthy.
PROD-0040,WH-02,21427.0,5715.0,12593.0,938.0483870967744,22.84210526315789,5642.0,False,False,0,0.0,0.0,21.805973,982.6206768183292,18.25,0.0,False,Product PROD-0040 stock level healthy.
PROD-0041,WH-02,44788.0,11708.0,23754.0,2026.0288512911843,22.106299212598422,5615.0,False,False,0,0.0,0.0,23.15198,1934.5214133274785,15.133333333333333,0.0,False,Product PROD-0041 stock level healthy.
PROD-0041,WH-05,68789.0,14509.0,35282.0,3111.7374888691006,22.106299212598422,5615.0,False,False,0,0.0,0.0,22.334091,3079.999961740454,15.133333333333333,0.0,False,Product PROD-0041 stock level healthy.
PROD-0041,WH-03,42952.0,11838.0,20887.0,1942.9756010685664,22.106299212598422,5615.0,False,False,0,0.0,0.0,22.153503,1938.8355507310664,15.133333333333333,0.0,False,Product PROD-0041 stock level healthy.
PROD-0042,WH-03,81952.0,10743.0,19141.0,3772.093122445353,21.725868725868725,5627.0,False,False,0,0.0,0.0,21.758175,3766.492382325741,19.95,0.0,False,Product PROD-0042 stock level healthy.
PROD-0043,WH-02,37259.0,5243.0,11189.0,1629.477441659464,22.865612648221344,5785.0,False,False,0,0.0,0.0,22.098999,1686.0039660839063,17.333333333333332,0.0,False,Product PROD-0043 stock level healthy.
PROD-0044,WH-01,43765.0,6574.0,15831.0,1930.808823529412,22.666666666666668,5440.0,False,False,0,0.0,0.0,22.37687,1955.8142654180167,19.40909090909091,0.0,False,Product PROD-0044 stock level healthy.
PROD-0044,WH-03,39730.0,9013.0,20994.0,1752.7941176470588,22.666666666666668,5440.0,False,False,0,0.0,0.0,22.605272,1757.5545865971833,19.40909090909091,0.0,False,Product PROD-0044 stock level healthy.
PROD-0045,WH-01,23895.0,6074.0,12980.0,1093.492586490939,21.852,5463.0,False,False,0,0.0,0.0,21.753805,1098.428519685524,17.047619047619047,0.0,False,Product PROD-0045 stock level healthy.
PROD-0046,WH-03,46493.0,8757.0,19315.0,2050.5681541934364,22.673228346456693,5759.0,False,False,0,0.0,0.0,22.768646,2041.974718630501,15.5,0.0,False,Product PROD-0046 stock level healthy.
PROD-0046,WH-02,32828.0,4017.0,9821.0,1447.8749782948428,22.673228346456693,5759.0,False,False,0,0.0,0.0,22.785013,1440.7716033999588,15.5,0.0,False,Product PROD-0046 stock level healthy.
PROD-0047,WH-03,91812.0,19199.0,44821.0,4010.031222592528,22.895582329317268,5701.0,False,False,0,0.0,0.0,22.786648,4029.20169826713,16.76923076923077,0.0,False,Product PROD-0047 stock level healthy.
PROD-0047,WH-04,67518.0,8751.0,14241.0,2948.9531661112087,22.895582329317268,5701.0,False,False,0,0.0,0.0,22.919216,2945.9122659527457,16.76923076923077,0.0,False,Product PROD-0047 stock level healthy.
PROD-0047,WH-05,49278.0,13787.0,31656.0,2152.292931064725,22.895582329317268,5701.0,False,False,0,0.0,0.0,22.54937,2185.3382338760675,16.76923076923077,0.0,False,Product PROD-0047 stock level healthy.
PROD-0048,WH-02,42386.0,6019.0,10530.0,1857.464625131996,22.81927710843373,5682.0,False,False,0,0.0,0.0,22.18227,1910.805337071744,14.65,0.0,False,Product PROD-0048 stock level healthy.
PROD-0049,WH-03,58220.0,12341.0,29306.0,2620.136474411048,22.220216606498195,6155.0,False,False,0,0.0,0.0,22.426224,2596.0679174675533,19.166666666666668,0.0,False,Product PROD-0049 stock level healthy.
PROD-0050,WH-01,53428.0,15235.0,26459.0,2265.5612687813023,23.58267716535433,5990.0,False,False,0,0.0,0.0,23.573057,2266.485827616008,16.08695652173913,0.0,False,Product PROD-0050 stock level healthy.
PROD-0050,WH-02,21562.0,5605.0,9399.0,914.3151919866444,23.58267716535433,5990.0,False,False,0,0.0,0.0,21.805973,988.8116410863312,16.08695652173913,0.0,False,Product PROD-0050 stock level healthy.
PROD-0050,WH-05,54923.0,7462.0,18091.0,2328.955258764608,23.58267716535433,5990.0,False,False,0,0.0,0.0,23.19396,2367.98716349042,16.08695652173913,0.0,False,Product PROD-0050 stock level healthy.
PROD-0051,WH-01,55517.0,15145.0,34996.0,2537.3959251101323,21.879518072289155,5448.0,False,False,0,0.0,0.0,22.046822,2518.1407561491237,16.0625,0.0,False,Product PROD-0051 stock level healthy.
PROD-0051,WH-04,49492.0,12742.0,20490.0,2262.02422907489,21.879518072289155,5448.0,False,False,0,0.0,0.0,22.254742,2223.8856211755096,16.0625,0.0,False,Product PROD-0051 stock level healthy.
PROD-0052,WH-04,83282.0,12033.0,27875.0,3861.2563636363634,21.5686274509804,5500.0,False,False,0,0.0,0.0,21.494507,3874.571332837355,21.133333333333333,0.0,False,Product PROD-0052 stock level healthy.
PROD-0053,WH-05,51525.0,13608.0,32268.0,2411.568930977964,21.36575875486381,5491.0,False,False,0,0.0,0.0,21.42325,2405.0972435515,17.214285714285715,0.0,False,Product PROD-0053 stock level healthy.
PROD-0053,WH-02,23270.0,5398.0,10247.0,1089.125842287379,21.36575875486381,5491.0,False,False,0,0.0,0.0,21.618294,1076.4031729775304,17.214285714285715,0.0,False,Product PROD-0053 stock level healthy.
PROD-0054,WH-03,89396.0,26226.0,46659.0,4229.48817204301,21.13636363636364,5115.0,False,False,0,0.0,0.0,21.317486,4193.55269188875,15.052631578947368,0.0,False,Product PROD-0054 stock level healthy.
PROD-0054,WH-02,35106.0,6316.0,15670.0,1660.9290322580646,21.13636363636364,5115.0,False,False,0,0.0,0.0,21.638208,1622.4078892496757,15.052631578947368,0.0,False,Product PROD-0054 stock level healthy.
PROD-0055,WH-01,36866.0,3890.0,9246.0,1660.571732576698,22.200787401574804,5639.0,False,False,0,0.0,0.0,21.885994,1684.4562815632908,16.727272727272727,0.0,False,Product PROD-0055 stock level healthy.
PROD-0055,WH-02,24353.0,5263.0,13070.0,1096.9430750133,22.200787401574804,5639.0,False,False,0,0.0,0.0,22.18416,1097.7652408169315,16.727272727272727,0.0,False,Product PROD-0055 stock level healthy.
PROD-0055,WH-05,34629.0,7594.0,14016.0,1559.8095406987054,22.200787401574804,5639.0,False,False,0,0.0,0.0,22.594976,1532.5973060730062,16.727272727272727,0.0,False,Product PROD-0055 stock level healthy.
PROD-0056,WH-03,63270.0,18781.0,30343.0,2788.731771260036,22.68773234200744,6103.0,False,False,0,0.0,0.0,22.63442,2795.3002063292565,23.23076923076923,0.0,False,Product PROD-0056 stock level healthy.
PROD-0056,WH-02,42402.0,5852.0,9037.0,1868.9395379321645,22.68773234200744,6103.0,False,False,0,0.0,0.0,22.207548,1909.3508085568933,23.23076923076923,0.0,False,Product PROD-0056 stock level healthy.
PROD-0057,WH-03,36732.0,10472.0,21346.0,1675.5600608210848,21.92222222222222,5919.0,False,False,0,0.0,0.0,21.975399,1671.5054853395905,18.28,0.0,False,Product PROD-0057 stock level healthy.
PROD-0057,WH-05,71587.0,17781.0,38595.0,3265.499239736442,21.92222222222222,5919.0,False,False,0,0.0,0.0,21.912804,3266.90281826712,18.28,0.0,False,Product PROD-0057 stock level healthy.
PROD-0058,WH-01,40831.0,11831.0,28640.0,1841.3680763473053,22.17427385892116,5344.0,False,False,0,0.0,0.0,22.190859,1839.9918765048585,16.923076923076923,0.0,False,Product PROD-0058 stock level healthy.
PROD-0058,WH-04,69839.0,16249.0,26398.0,3149.5507110778444,22.17427385892116,5344.0,False,False,0,0.0,0.0,22.33046,3127.5218364288744,16.923076923076923,0.0,False,Product PROD-0058 stock level healthy.
PROD-0059,WH-02,31307.0,7306.0,13342.0,1331.868584223217,23.506072874493928,5806.0,False,False,0,0.0,0.0,23.021662,1359.8931444879656,20.176470588235293,0.0,False,Product PROD-0059 stock level healthy.
PROD-0059,WH-03,79192.0,16700.0,28253.0,3369.001722356183,23.506072874493928,5806.0,False,False,0,0.0,0.0,23.048626,3435.8664236810664,20.176470588235293,0.0,False,Product PROD-0059 stock level healthy.
PROD-0060,WH-01,60986.0,14359.0,34501.0,2642.832379961865,23.076,5769.0,False,False,0,0.0,0.0,22.756159,2679.9777791579613,15.333333333333334,0.0,False,Product PROD-0060 stock level healthy.
PROD-0060,WH-02,34372.0,5506.0,11275.0,1489.5129138498874,23.076,5769.0,False,False,0,0.0,0.0,22.690592,1514.8128477468613,15.333333333333334,0.0,False,Product PROD-0060 stock level healthy.
PROD-0060,WH-04,34281.0,5395.0,10411.0,1485.569422776911,23.076,5769.0,False,False,0,0.0,0.0,22.945694,1494.0058054129324,15.333333333333334,0.0,False,Product PROD-0060 stock level healthy.
PROD-0061,WH-02,34121.0,5611.0,10895.0,1520.1226482073127,22.44621513944223,5634.0,False,False,0,0.0,0.0,22.514214,1515.5315066199976,14.9,0.0,False,Product PROD-0061 stock level healthy.
PROD-0061,WH-05,69211.0,13996.0,32103.0,3083.4151579694712,22.44621513944223,5634.0,False,False,0,0.0,0.0,22.45738,3081.882173764782,14.9,0.0,False,Product PROD-0061 stock level healthy.
PROD-0061,WH-03,95225.0,23538.0,50815.0,4242.363329783458,22.44621513944223,5634.0,False,False,0,0.0,0.0,22.370169,4256.785066621557,14.9,0.0,False,Product PROD-0061 stock level healthy.
PROD-0062,WH-02,31542.0,7147.0,13116.0,1425.2229588276343,22.13127413127413,5732.0,False,False,0,0.0,0.0,22.643562,1392.978700019576,18.857142857142858,0.0,False,Product PROD-0062 stock level healthy.
PROD-0062,WH-01,56158.0,14052.0,30532.0,2537.4951151430564,22.13127413127413,5732.0,False,False,0,0.0,0.0,22.237116,2525.41743064143,18.857142857142858,0.0,False,Product PROD-0062 stock level healthy.
PROD-0063,WH-05,76315.0,9880.0,15276.0,3353.316796598157,22.758064516129032,5644.0,False,False,0,0.0,0.0,21.703257,3516.2925722027458,15.764705882352942,0.0,False,Product PROD-0063 stock level healthy.
PROD-0064,WH-01,47956.0,12166.0,23789.0,2235.13205592957,21.45555555555556,5793.0,False,False,0,0.0,0.0,23.268265,2061.00456879722,20.473684210526315,0.0,False,Product PROD-0064 stock level healthy.
PROD-0064,WH-04,84855.0,18255.0,40495.0,3954.919730709477,21.45555555555556,5793.0,False,False,0,0.0,0.0,21.414213,3962.555116295537,20.473684210526315,0.0,False,Product PROD-0064 stock level healthy.
PROD-0065,WH-01,43328.0,6447.0,13900.0,1992.433768016472,21.746268656716417,5828.0,False,False,0,0.0,0.0,22.07651,1962.629103467474,14.75,0.0,False,Product PROD-0065 stock level healthy.
PROD-0065,WH-05,32854.0,8219.0,18657.0,1510.7879203843515,21.746268656716417,5828.0,False,False,0,0.0,0.0,22.739279,1444.812753236032,14.75,0.0,False,Product PROD-0065 stock level healthy.
PROD-0066,WH-01,54574.0,7846.0,18078.0,2358.4838154269974,23.13944223107569,5808.0,False,False,0,0.0,0.0,23.21402,2350.906931588572,16.23076923076923,0.0,False,Product PROD-0066 stock level healthy.
PROD-0067,WH-01,44262.0,4870.0,8518.0,1999.8362160254148,22.1328125,5666.0,False,False,0,0.0,0.0,22.07651,2004.936516286866,18.333333333333332,0.0,False,Product PROD-0067 stock level healthy.
PROD-0067,WH-05,78581.0,15031.0,34592.0,3550.429932933286,22.1328125,5666.0,False,False,0,0.0,0.0,21.966282,3577.3464253258194,18.333333333333332,0.0,False,Product PROD-0067 stock level healthy.
PROD-0067,WH-04,72376.0,21537.0,45129.0,3270.076950229439,22.1328125,5666.0,False,False,0,0.0,0.0,22.18432,3262.484427399152,18.333333333333332,0.0,False,Product PROD-0067 stock level healthy.
PROD-0068,WH-03,74030.0,18052.0,36190.0,3229.36660268714,22.924,5731.0,False,False,0,0.0,0.0,22.723698,3257.8324663527774,9.3125,0.0,False,Product PROD-0068 stock level healthy.
PROD-0068,WH-04,81682.0,17118.0,41035.0,3563.165241668121,22.924,5731.0,False,False,0,0.0,0.0,22.83253,3577.439877849648,9.3125,0.0,False,Product PROD-0068 stock level healthy.
PROD-0069,WH-04,83448.0,15856.0,35704.0,3832.749813293504,21.77235772357724,5356.0,False,False,0,0.0,0.0,21.494507,3882.294236240864,19.928571428571427,0.0,False,Product PROD-0069 stock level healthy.
PROD-0069,WH-02,40716.0,6329.0,14415.0,1870.0776699029125,21.77235772357724,5356.0,False,False,0,0.0,0.0,22.207548,1833.4306759398723,19.928571428571427,0.0,False,Product PROD-0069 stock level healthy.
PROD-0069,WH-03,66213.0,9789.0,18989.0,3041.149738610904,21.77235772357724,5356.0,False,False,0,0.0,0.0,22.830635,2900.1821366188387,19.928571428571427,0.0,False,Product PROD-0069 stock level healthy.
PROD-0070,WH-01,35067.0,5412.0,9848.0,1553.124442240952,22.578358208955223,6051.0,False,False,0,0.0,0.0,22.617834,1550.4137071048965,14.4375,0.0,False,Product PROD-0070 stock level healthy.
PROD-0070,WH-04,65100.0,8311.0,14388.0,2883.2920178482896,22.578358208955223,6051.0,False,False,0,0.0,0.0,22.903355,2842.3783768658677,14.4375,0.0,False,Product PROD-0070 stock level healthy.
PROD-0070,WH-03,78993.0,19059.0,29812.0,3498.615765989093,22.578358208955223,6051.0,False,False,0,0.0,0.0,22.529438,3506.212624304579,14.4375,0.0,False,Product PROD-0070 stock level healthy.
PROD-0071,WH-05,50506.0,9756.0,15241.0,2424.288,20.83333333333333,5500.0,False,False,0,0.0,0.0,21.136238,2389.545375363354,17.866666666666667,0.0,False,Product PROD-0071 stock level healthy.
PROD-0071,WH-04,81815.0,14554.0,33034.0,3927.12,20.83333333333333,5500.0,False,False,0,0.0,0.0,21.062412,3884.4078723001567,17.866666666666667,0.0,False,Product PROD-0071 stock level healthy.
PROD-0072,WH-03,37821.0,10443.0,21676.0,1731.4136605017395,21.844,5461.0,False,False,0,0.0,0.0,22.13053,1708.9966222723865,17.941176470588236,0.0,False,Product PROD-0072 stock level healthy.
PROD-0072,WH-01,42639.0,12303.0,22128.0,1951.977659769273,21.844,5461.0,False,False,0,0.0,0.0,22.084661,1930.7065236814112,17.941176470588236,0.0,False,Product PROD-0072 stock level healthy.
PROD-0072,WH-02,27994.0,7791.0,18197.0,1281.5418421534516,21.844,5461.0,False,False,0,0.0,0.0,21.896378,1278.47631046947,17.941176470588236,0.0,False,Product PROD-0072 stock level healthy.
PROD-0073,WH-03,82263.0,17211.0,36199.0,3815.18137695488,21.56201550387597,5563.0,False,False,0,0.0,0.0,21.746622,3782.794388769962,16.235294117647058,0.0,False,Product PROD-0073 stock level healthy.
PROD-0073,WH-02,23203.0,3338.0,6461.0,1076.1053388459463,21.56201550387597,5563.0,False,False,0,0.0,0.0,21.628107,1072.8169563759216,16.235294117647058,0.0,False,Product PROD-0073 stock level healthy.
PROD-0073,WH-05,34128.0,5707.0,12436.0,1582.7833902570555,21.56201550387597,5563.0,False,False,0,0.0,0.0,21.771175,1567.5772849757927,16.235294117647058,0.0,False,Product PROD-0073 stock level healthy.
PROD-0074,WH-05,71845.0,19261.0,46602.0,3208.0453582774444,22.395256916996047,5666.0,False,False,0,0.0,0.0,22.441235,3201.4727049118324,16.772727272727273,0.0,False,Product PROD-0074 stock level healthy.
PROD-0074,WH-03,96500.0,19958.0,48037.0,4308.948111542534,22.395256916996047,5666.0,False,False,0,0.0,0.0,22.402216,4307.609576769702,16.772727272727273,0.0,False,Product PROD-0074 stock level healthy.
PROD-0075,WH-02,32926.0,3471.0,7437.0,1557.3108108108108,21.142857142857142,5624.0,False,False,0,0.0,0.0,22.609245,1456.306902892214,15.38888888888889,0.0,False,Product PROD-0075 stock level healthy.
PROD-0075,WH-01,29127.0,5602.0,8684.0,1377.6283783783783,21.142857142857142,5624.0,False,False,0,0.0,0.0,22.992167,1266.82276660276,15.38888888888889,0.0,False,Product PROD-0075 stock level healthy.
PROD-0075,WH-05,53122.0,7560.0,13810.0,2512.527027027027,21.142857142857142,5624.0,False,False,0,0.0,0.0,21.201405,2505.588713274501,15.38888888888889,0.0,False,Product PROD-0075 stock level healthy.
PROD-0076,WH-01,34771.0,10091.0,19390.0,1567.8244519693458,22.177865612648223,5611.0,False,False,0,0.0,0.0,22.310383,1558.512027546053,18.75,0.0,False,Product PROD-0076 stock level healthy.
PROD-0076,WH-03,87599.0,16999.0,38231.0,3949.839066120121,22.177865612648223,5611.0,False,False,0,0.0,0.0,22.218248,3942.6600401536266,18.75,0.0,False,Product PROD-0076 stock level healthy.
PROD-0077,WH-05,86805.0,14756.0,31727.0,4299.733282530005,20.18846153846154,5249.0,False,False,0,0.0,0.0,20.318855,4272.140274621109,18.941176470588236,0.0,False,Product PROD-0077 stock level healthy.
PROD-0078,WH-01,25349.0,2692.0,4703.0,1119.2711834107972,22.647773279352226,5594.0,False,False,0,0.0,0.0,22.441809,1129.5435380556353,18.391304347826086,0.0,False,Product PROD-0078 stock level healthy.
PROD-0078,WH-03,87862.0,19704.0,34256.0,3879.4983911333575,22.647773279352226,5594.0,False,False,0,0.0,0.0,21.988224,3995.866145531265,18.391304347826086,0.0,False,Product PROD-0078 stock level healthy.
PROD-0078,WH-04,61298.0,7532.0,18436.0,2706.57954951734,22.647773279352226,5594.0,False,False,0,0.0,0.0,22.563383,2716.7025317862795,18.391304347826086,0.0,False,Product PROD-0078 stock level healthy.
PROD-0079,WH-05,70504.0,17864.0,29793.0,3184.6223337515685,22.13888888888889,5579.0,False,False,0,0.0,0.0,22.343052,3155.5223647482703,17.72222222222222,0.0,False,Product PROD-0079 stock level healthy.
PROD-0079,WH-03,73700.0,18394.0,29697.0,3328.983688833124,22.13888888888889,5579.0,False,False,0,0.0,0.0,22.978277,3207.3770952421864,17.72222222222222,0.0,False,Product PROD-0079 stock level healthy.
PROD-0080,WH-02,44247.0,5381.0,8209.0,1969.6597774244835,22.464285714285715,5661.0,False,False,0,0.0,0.0,22.259777,1987.7557561633428,20.7,0.0,False,Product PROD-0080 stock level healthy.
PROD-0081,WH-02,33249.0,9363.0,17558.0,1488.6737176097304,22.334645669291337,5673.0,False,False,0,0.0,0.0,22.690592,1465.320969822396,16.916666666666668,0.0,False,Product PROD-0081 stock level healthy.
PROD-0081,WH-03,94104.0,13143.0,27496.0,4213.364357482814,22.334645669291337,5673.0,False,False,0,0.0,0.0,22.336966,4212.926762293546,16.916666666666668,0.0,False,Product PROD-0081 stock level healthy.
PROD-0082,WH-03,51454.0,12320.0,22195.0,2198.466634661546,23.40449438202247,6249.0,False,False,0,0.0,0.0,23.206333,2217.239563198283,16.470588235294116,0.0,False,Product PROD-0082 stock level healthy.
PROD-0082,WH-05,69679.0,18193.0,41775.0,2977.163226116179,23.40449438202247,6249.0,False,False,0,0.0,0.0,23.279966,2993.088518228028,16.470588235294116,0.0,False,Product PROD-0082 stock level healthy.
PROD-0082,WH-01,46161.0,4995.0,10153.0,1972.3134901584256,23.40449438202247,6249.0,False,False,0,0.0,0.0,22.10771,2088.004602958189,16.470588235294116,0.0,False,Product PROD-0082 stock level healthy.
PROD-0083,WH-05,52659.0,10594.0,19506.0,2274.629919946631,23.15057915057915,5996.0,False,False,0,0.0,0.0,23.048323,2284.721571134096,15.842105263157896,0.0,False,Product PROD-0083 stock level healthy.
PROD-0083,WH-01,57391.0,15177.0,24367.0,2479.030853902602,23.15057915057915,5996.0,False,False,0,0.0,0.0,21.638607,2652.250208772923,15.842105263157896,0.0,False,Product PROD-0083 stock level healthy.
PROD-0083,WH-03,95283.0,21640.0,50393.0,4115.793362241494,23.15057915057915,5996.0,False,False,0,0.0,0.0,22.956472,4150.594148475178,15.842105263157896,0.0,False,Product PROD-0083 stock level healthy.
PROD-0084,WH-03,45968.0,6216.0,12567.0,1905.44897619444,24.12449799196787,6007.0,False,False,0,0.0,0.0,23.641024,1944.4166508198464,17.26086956521739,0.0,False,Product PROD-0084 stock level healthy.
PROD-0084,WH-02,35360.0,7891.0,19093.0,1465.7299816880306,24.12449799196787,6007.0,False,False,0,0.0,0.0,22.785013,1551.8972796461114,17.26086956521739,0.0,False,Product PROD-0084 stock level healthy.
PROD-0084,WH-01,54424.0,10502.0,24424.0,2255.964041951057,24.12449799196787,6007.0,False,False,0,0.0,0.0,23.639584,2302.240214943581,17.26086956521739,0.0,False,Product PROD-0084 stock level healthy.
PROD-0085,WH-03,53014.0,14331.0,33401.0,2430.384644055162,21.8130081300813,5366.0,False,False,0,0.0,0.0,21.841307,2427.235730955927,21.523809523809526,0.0,False,Product PROD-0085 stock level healthy.
PROD-0085,WH-01,27186.0,7512.0,13099.0,1246.3205367126352,21.8130081300813,5366.0,False,False,0,0.0,0.0,21.887238,1242.0937059485416,21.523809523809526,0.0,False,Product PROD-0085 stock level healthy.
PROD-0085,WH-05,57767.0,12828.0,24103.0,2648.2821468505404,21.8130081300813,5366.0,False,False,0,0.0,0.0,22.152813,2607.659808717655,21.523809523809526,0.0,False,Product PROD-0085 stock level healthy.
PROD-0086,WH-02,30944.0,5105.0,10146.0,1340.1802816901409,23.089430894308943,5680.0,False,False,0,0.0,0.0,22.983578,1346.3526160218569,13.11111111111111,0.0,False,Product PROD-0086 stock level healthy.
PROD-0087,WH-01,55342.0,9301.0,22139.0,2678.5528,20.66115702479339,5000.0,False,False,0,0.0,0.0,22.363789,2474.625430338729,15.157894736842104,0.0,False,Product PROD-0087 stock level healthy.
PROD-0087,WH-05,70597.0,10960.0,16551.0,3416.8948,20.66115702479339,5000.0,False,False,0,0.0,0.0,21.121231,3342.466153398242,15.157894736842104,0.0,False,Product PROD-0087 stock level healthy.
PROD-0088,WH-03,41855.0,10213.0,20309.0,1922.63988657845,21.76954732510288,5290.0,False,False,0,0.0,0.0,22.095934,1894.239915930008,18.0,0.0,False,Product PROD-0088 stock level healthy.
PROD-0089,WH-02,36495.0,8363.0,16649.0,1546.7668085106384,23.59437751004016,5875.0,False,False,0,0.0,0.0,23.489002,1553.70584267871,17.285714285714285,0.0,False,Product PROD-0089 stock level healthy.
PROD-0090,WH-04,39571.0,5710.0,12515.0,1829.133155792277,21.63374485596708,5257.0,False,False,0,0.0,0.0,22.20356,1782.1916945707694,21.0,0.0,False,Product PROD-0090 stock level healthy.
PROD-0091,WH-01,50042.0,8697.0,17859.0,2190.4783741532046,22.84523809523809,5757.0,False,False,0,0.0,0.0,23.199055,2157.070648276665,15.0,0.0,False,Product PROD-0091 stock level healthy.
PROD-0091,WH-03,57614.0,17245.0,35358.0,2521.9260031266285,22.84523809523809,5757.0,False,False,0,0.0,0.0,22.55146,2554.7791282754797,15.0,0.0,False,Product PROD-0091 stock level healthy.
PROD-0092,WH-02,36842.0,5680.0,9947.0,1630.76603432701,22.59183673469388,5535.0,False,False,0,0.0,0.0,22.193338,1660.0476839341266,19.3125,0.0,False,Product PROD-0092 stock level healthy.
PROD-0092,WH-03,43994.0,6093.0,9867.0,1947.340560072268,22.59183673469388,5535.0,False,False,0,0.0,0.0,22.153503,1985.871000625408,19.3125,0.0,False,Product PROD-0092 stock level healthy.
PROD-0093,WH-02,43855.0,10438.0,17656.0,1913.975332068311,22.91304347826087,5797.0,False,False,0,0.0,0.0,22.815357,1922.170211919292,12.76923076923077,0.0,False,Product PROD-0093 stock level healthy.
PROD-0093,WH-03,81719.0,12690.0,26516.0,3566.483870967741,22.91304347826087,5797.0,False,False,0,0.0,0.0,22.859434,3574.8478961949454,12.76923076923077,0.0,False,Product PROD-0093 stock level healthy.
PROD-0093,WH-05,73800.0,16188.0,40154.0,3220.872865275142,22.91304347826087,5797.0,False,False,0,0.0,0.0,22.649029,3258.417865203871,12.76923076923077,0.0,False,Product PROD-0093 stock level healthy.
PROD-0094,WH-04,51173.0,8810.0,15877.0,2421.843569364162,21.129770992366414,5536.0,False,False,0,0.0,0.0,21.423824,2388.6024856631625,13.727272727272727,0.0,False,Product PROD-0094 stock level healthy.
PROD-0095,WH-01,44902.0,6953.0,17203.0,1906.9197080291967,23.546875,6028.0,False,False,0,0.0,0.0,23.425083,1916.8341769606127,16.454545454545453,0.0,False,Product PROD-0095 stock level healthy.
PROD-0095,WH-05,62577.0,14986.0,24371.0,2657.550099535501,23.546875,6028.0,False,False,0,0.0,0.0,22.944977,2727.26359792568,16.454545454545453,0.0,False,Product PROD-0095 stock level healthy.
PROD-0095,WH-02,41525.0,8229.0,19525.0,1763.5036496350365,23.546875,6028.0,False,False,0,0.0,0.0,22.9962,1805.733077031795,16.454545454545453,0.0,False,Product PROD-0095 stock level healthy.
PROD-0096,WH-05,47981.0,9391.0,17286.0,2203.8517060367453,21.77142857142857,5334.0,False,False,0,0.0,0.0,22.053007,2175.712351888195,19.583333333333332,0.0,False,Product PROD-0096 stock level healthy.
PROD-0096,WH-04,89386.0,13452.0,31769.0,4105.656167979002,21.77142857142857,5334.0,False,False,0,0.0,0.0,21.693392,4120.425280859114,19.583333333333332,0.0,False,Product PROD-0096 stock level healthy.
PROD-0096,WH-02,20192.0,2283.0,4547.0,927.4540682414698,21.77142857142857,5334.0,False,False,0,0.0,0.0,21.805973,925.9848185147572,19.583333333333332,0.0,False,Product PROD-0096 stock level healthy.
PROD-0097,WH-04,70198.0,7772.0,12817.0,3029.432073191784,23.172,5793.0,False,False,0,0.0,0.0,22.933403,3060.950001779817,18.764705882352942,0.0,False,Product PROD-0097 stock level healthy.
PROD-0097,WH-03,70989.0,11412.0,28460.0,3063.568099430347,23.172,5793.0,False,False,0,0.0,0.0,21.72196,3268.0752463677813,18.764705882352942,0.0,False,Product PROD-0097 stock level healthy.
PROD-0097,WH-01,28444.0,7193.0,15150.0,1227.5159675470395,23.172,5793.0,False,False,0,0.0,0.0,22.833916,1245.690855685497,18.764705882352942,0.0,False,Product PROD-0097 stock level healthy.
PROD-0098,WH-05,44798.0,9161.0,17868.0,2142.108108108108,20.91304347826087,5291.0,False,False,0,0.0,0.0,21.40604,2092.773796504121,18.7,0.0,False,Product PROD-0098 stock level healthy.
PROD-0098,WH-03,63656.0,17316.0,43117.0,3043.8419958419954,20.91304347826087,5291.0,False,False,0,0.0,0.0,21.72196,2930.490609570321,18.7,0.0,False,Product PROD-0098 stock level healthy.
PROD-0098,WH-04,51695.0,11590.0,24450.0,2471.902286902287,20.91304347826087,5291.0,False,False,0,0.0,0.0,21.488989,2405.6506472908563,18.7,0.0,False,Product PROD-0098 stock level healthy.
PROD-0099,WH-05,37937.0,9580.0,20362.0,1745.0884195453732,21.739299610894943,5587.0,False,False,0,0.0,0.0,22.021536,1722.72271189776,17.954545454545453,0.0,False,Product PROD-0099 stock level healthy.
PROD-0099,WH-03,52785.0,6135.0,10674.0,2428.0911043493825,21.739299610894943,5587.0,False,False,0,0.0,0.0,21.841307,2416.7510102710344,17.954545454545453,0.0,False,Product PROD-0099 stock level healthy.
PROD-0099,WH-02,32576.0,4277.0,8162.0,1498.484338643279,21.739299610894943,5587.0,False,False,0,0.0,0.0,22.327688,1458.995650743597,17.954545454545453,0.0,False,Product PROD-0099 stock level healthy.
PROD-0100,WH-04,68164.0,10787.0,18677.0,2828.2871005521165,24.100806451612904,5977.0,False,False,0,0.0,0.0,23.294235,2926.217552474075,14.894736842105264,0.0,False,Product PROD-0100 stock level healthy.
PROD-0100,WH-02,36958.0,8892.0,17375.0,1533.475656683955,24.100806451612904,5977.0,False,False,0,0.0,0.0,23.582943,1567.149615658171,14.894736842105264,0.0,False,Product PROD-0100 stock level healthy.
PROD-0100,WH-01,50970.0,14515.0,33207.0,2114.866990128827,24.100806451612904,5977.0,False,False,0,0.0,0.0,23.707277,2149.972742941537,14.894736842105264,0.0,False,Product PROD-0100 stock level healthy.
